DR_NO,Crm Cd,Crm Cd Desc
201309918,756,WEAPONS POSSESSION/BOMBING
200808185,756,WEAPONS POSSESSION/BOMBING
202116237,756,WEAPONS POSSESSION/BOMBING
201407132,756,WEAPONS POSSESSION/BOMBING
200213879,756,WEAPONS POSSESSION/BOMBING
201216692,756,WEAPONS POSSESSION/BOMBING
200614773,756,WEAPONS POSSESSION/BOMBING
200319306,756,WEAPONS POSSESSION/BOMBING
202006611,756,WEAPONS POSSESSION/BOMBING
210505348,756,WEAPONS POSSESSION/BOMBING
210104599,756,WEAPONS POSSESSION/BOMBING
210312307,756,WEAPONS POSSESSION/BOMBING
211311240,756,WEAPONS POSSESSION/BOMBING
211608365,756,WEAPONS POSSESSION/BOMBING
211312016,756,WEAPONS POSSESSION/BOMBING
211608370,756,WEAPONS POSSESSION/BOMBING
210212709,756,WEAPONS POSSESSION/BOMBING
211011095,756,WEAPONS POSSESSION/BOMBING
210611230,756,WEAPONS POSSESSION/BOMBING
221414195,756,WEAPONS POSSESSION/BOMBING
220609095,756,WEAPONS POSSESSION/BOMBING
220120450,756,WEAPONS POSSESSION/BOMBING
231415125,756,WEAPONS POSSESSION/BOMBING
221212468,756,WEAPONS POSSESSION/BOMBING
220717413,756,WEAPONS POSSESSION/BOMBING
221510989,756,WEAPONS POSSESSION/BOMBING
241604013,756,WEAPONS POSSESSION/BOMBING
240604490,756,WEAPONS POSSESSION/BOMBING
230618559,756,WEAPONS POSSESSION/BOMBING
240104710,756,WEAPONS POSSESSION/BOMBING
230414032,756,WEAPONS POSSESSION/BOMBING
230500775,756,WEAPONS POSSESSION/BOMBING
230517385,756,WEAPONS POSSESSION/BOMBING
231115631,756,WEAPONS POSSESSION/BOMBING
230600555,756,WEAPONS POSSESSION/BOMBING
230508655,756,WEAPONS POSSESSION/BOMBING
231107773,756,WEAPONS POSSESSION/BOMBING
230300679,756,WEAPONS POSSESSION/BOMBING
231108093,756,WEAPONS POSSESSION/BOMBING
240700646,756,WEAPONS POSSESSION/BOMBING
241007152,756,WEAPONS POSSESSION/BOMBING
201815548,902,VIOLATION OF TEMPORARY RESTRAINING ORDER
200400922,902,VIOLATION OF TEMPORARY RESTRAINING ORDER
201711219,902,VIOLATION OF TEMPORARY RESTRAINING ORDER
200612588,902,VIOLATION OF TEMPORARY RESTRAINING ORDER
200914590,902,VIOLATION OF TEMPORARY RESTRAINING ORDER
201706495,902,VIOLATION OF TEMPORARY RESTRAINING ORDER
200208133,902,VIOLATION OF TEMPORARY RESTRAINING ORDER
202114241,902,VIOLATION OF TEMPORARY RESTRAINING ORDER
202109696,902,VIOLATION OF TEMPORARY RESTRAINING ORDER
201407453,902,VIOLATION OF TEMPORARY RESTRAINING ORDER
201912478,902,VIOLATION OF TEMPORARY RESTRAINING ORDER
201016127,902,VIOLATION OF TEMPORARY RESTRAINING ORDER
202108902,902,VIOLATION OF TEMPORARY RESTRAINING ORDER
200410505,902,VIOLATION OF TEMPORARY RESTRAINING ORDER
201206885,902,VIOLATION OF TEMPORARY RESTRAINING ORDER
200509604,902,VIOLATION OF TEMPORARY RESTRAINING ORDER
200304317,902,VIOLATION OF TEMPORARY RESTRAINING ORDER
201610437,902,VIOLATION OF TEMPORARY RESTRAINING ORDER
201016417,902,VIOLATION OF TEMPORARY RESTRAINING ORDER
201607943,902,VIOLATION OF TEMPORARY RESTRAINING ORDER
200317319,902,VIOLATION OF TEMPORARY RESTRAINING ORDER
201715833,902,VIOLATION OF TEMPORARY RESTRAINING ORDER
201111737,902,VIOLATION OF TEMPORARY RESTRAINING ORDER
201008100,902,VIOLATION OF TEMPORARY RESTRAINING ORDER
202105439,902,VIOLATION OF TEMPORARY RESTRAINING ORDER
200715172,902,VIOLATION OF TEMPORARY RESTRAINING ORDER
200216196,902,VIOLATION OF TEMPORARY RESTRAINING ORDER
200619097,902,VIOLATION OF TEMPORARY RESTRAINING ORDER
200911798,902,VIOLATION OF TEMPORARY RESTRAINING ORDER
201011819,902,VIOLATION OF TEMPORARY RESTRAINING ORDER
200405459,902,VIOLATION OF TEMPORARY RESTRAINING ORDER
201013666,902,VIOLATION OF TEMPORARY RESTRAINING ORDER
202115513,902,VIOLATION OF TEMPORARY RESTRAINING ORDER
202109695,902,VIOLATION OF TEMPORARY RESTRAINING ORDER
201706686,902,VIOLATION OF TEMPORARY RESTRAINING ORDER
201315036,902,VIOLATION OF TEMPORARY RESTRAINING ORDER
202115924,902,VIOLATION OF TEMPORARY RESTRAINING ORDER
200911308,902,VIOLATION OF TEMPORARY RESTRAINING ORDER
201009612,902,VIOLATION OF TEMPORARY RESTRAINING ORDER
201804546,902,VIOLATION OF TEMPORARY RESTRAINING ORDER
201818784,902,VIOLATION OF TEMPORARY RESTRAINING ORDER
200306290,902,VIOLATION OF TEMPORARY RESTRAINING ORDER
201614652,902,VIOLATION OF TEMPORARY RESTRAINING ORDER
202105487,902,VIOLATION OF TEMPORARY RESTRAINING ORDER
201714494,902,VIOLATION OF TEMPORARY RESTRAINING ORDER
200211615,902,VIOLATION OF TEMPORARY RESTRAINING ORDER
201221205,902,VIOLATION OF TEMPORARY RESTRAINING ORDER
201011497,902,VIOLATION OF TEMPORARY RESTRAINING ORDER
201917798,902,VIOLATION OF TEMPORARY RESTRAINING ORDER
201208082,902,VIOLATION OF TEMPORARY RESTRAINING ORDER
200413124,902,VIOLATION OF TEMPORARY RESTRAINING ORDER
201010767,902,VIOLATION OF TEMPORARY RESTRAINING ORDER
202113609,902,VIOLATION OF TEMPORARY RESTRAINING ORDER
200410184,902,VIOLATION OF TEMPORARY RESTRAINING ORDER
200613047,902,VIOLATION OF TEMPORARY RESTRAINING ORDER
201211073,902,VIOLATION OF TEMPORARY RESTRAINING ORDER
201906998,902,VIOLATION OF TEMPORARY RESTRAINING ORDER
200913797,902,VIOLATION OF TEMPORARY RESTRAINING ORDER
201016407,902,VIOLATION OF TEMPORARY RESTRAINING ORDER
201715394,902,VIOLATION OF TEMPORARY RESTRAINING ORDER
200810829,902,VIOLATION OF TEMPORARY RESTRAINING ORDER
201708984,902,VIOLATION OF TEMPORARY RESTRAINING ORDER
200406234,902,VIOLATION OF TEMPORARY RESTRAINING ORDER
201413548,902,VIOLATION OF TEMPORARY RESTRAINING ORDER
200404475,902,VIOLATION OF TEMPORARY RESTRAINING ORDER
201917298,902,VIOLATION OF TEMPORARY RESTRAINING ORDER
201007501,902,VIOLATION OF TEMPORARY RESTRAINING ORDER
201111829,902,VIOLATION OF TEMPORARY RESTRAINING ORDER
201014026,902,VIOLATION OF TEMPORARY RESTRAINING ORDER
201016164,902,VIOLATION OF TEMPORARY RESTRAINING ORDER
200618440,902,VIOLATION OF TEMPORARY RESTRAINING ORDER
202113223,902,VIOLATION OF TEMPORARY RESTRAINING ORDER
201908239,902,VIOLATION OF TEMPORARY RESTRAINING ORDER
201321126,902,VIOLATION OF TEMPORARY RESTRAINING ORDER
201910505,902,VIOLATION OF TEMPORARY RESTRAINING ORDER
201612631,902,VIOLATION OF TEMPORARY RESTRAINING ORDER
201505491,902,VIOLATION OF TEMPORARY RESTRAINING ORDER
201008109,902,VIOLATION OF TEMPORARY RESTRAINING ORDER
200813492,902,VIOLATION OF TEMPORARY RESTRAINING ORDER
202107735,902,VIOLATION OF TEMPORARY RESTRAINING ORDER
201007883,902,VIOLATION OF TEMPORARY RESTRAINING ORDER
201011894,902,VIOLATION OF TEMPORARY RESTRAINING ORDER
201008769,902,VIOLATION OF TEMPORARY RESTRAINING ORDER
201207432,902,VIOLATION OF TEMPORARY RESTRAINING ORDER
200610529,902,VIOLATION OF TEMPORARY RESTRAINING ORDER
202007392,902,VIOLATION OF TEMPORARY RESTRAINING ORDER
201012605,902,VIOLATION OF TEMPORARY RESTRAINING ORDER
201909173,902,VIOLATION OF TEMPORARY RESTRAINING ORDER
202008391,902,VIOLATION OF TEMPORARY RESTRAINING ORDER
202105219,902,VIOLATION OF TEMPORARY RESTRAINING ORDER
201606863,902,VIOLATION OF TEMPORARY RESTRAINING ORDER
200708848,902,VIOLATION OF TEMPORARY RESTRAINING ORDER
201413555,902,VIOLATION OF TEMPORARY RESTRAINING ORDER
202110419,902,VIOLATION OF TEMPORARY RESTRAINING ORDER
201716073,902,VIOLATION OF TEMPORARY RESTRAINING ORDER
200804892,902,VIOLATION OF TEMPORARY RESTRAINING ORDER
200913761,902,VIOLATION OF TEMPORARY RESTRAINING ORDER
201005195,902,VIOLATION OF TEMPORARY RESTRAINING ORDER
201105293,902,VIOLATION OF TEMPORARY RESTRAINING ORDER
202106065,902,VIOLATION OF TEMPORARY RESTRAINING ORDER
201715173,902,VIOLATION OF TEMPORARY RESTRAINING ORDER
201008770,902,VIOLATION OF TEMPORARY RESTRAINING ORDER
201410821,902,VIOLATION OF TEMPORARY RESTRAINING ORDER
201910777,902,VIOLATION OF TEMPORARY RESTRAINING ORDER
201817317,902,VIOLATION OF TEMPORARY RESTRAINING ORDER
200315040,902,VIOLATION OF TEMPORARY RESTRAINING ORDER
201211490,902,VIOLATION OF TEMPORARY RESTRAINING ORDER
201010643,902,VIOLATION OF TEMPORARY RESTRAINING ORDER
202105999,902,VIOLATION OF TEMPORARY RESTRAINING ORDER
201013730,902,VIOLATION OF TEMPORARY RESTRAINING ORDER
201415400,902,VIOLATION OF TEMPORARY RESTRAINING ORDER
201011943,902,VIOLATION OF TEMPORARY RESTRAINING ORDER
201713955,902,VIOLATION OF TEMPORARY RESTRAINING ORDER
200411881,902,VIOLATION OF TEMPORARY RESTRAINING ORDER
201207774,902,VIOLATION OF TEMPORARY RESTRAINING ORDER
201013497,902,VIOLATION OF TEMPORARY RESTRAINING ORDER
202006182,902,VIOLATION OF TEMPORARY RESTRAINING ORDER
201716568,902,VIOLATION OF TEMPORARY RESTRAINING ORDER
200309964,902,VIOLATION OF TEMPORARY RESTRAINING ORDER
201715230,902,VIOLATION OF TEMPORARY RESTRAINING ORDER
200105139,902,VIOLATION OF TEMPORARY RESTRAINING ORDER
201606519,902,VIOLATION OF TEMPORARY RESTRAINING ORDER
200314776,902,VIOLATION OF TEMPORARY RESTRAINING ORDER
200316615,902,VIOLATION OF TEMPORARY RESTRAINING ORDER
201609558,902,VIOLATION OF TEMPORARY RESTRAINING ORDER
200211809,902,VIOLATION OF TEMPORARY RESTRAINING ORDER
201013109,902,VIOLATION OF TEMPORARY RESTRAINING ORDER
201705843,902,VIOLATION OF TEMPORARY RESTRAINING ORDER
201010949,902,VIOLATION OF TEMPORARY RESTRAINING ORDER
202112704,902,VIOLATION OF TEMPORARY RESTRAINING ORDER
201308754,902,VIOLATION OF TEMPORARY RESTRAINING ORDER
201608318,902,VIOLATION OF TEMPORARY RESTRAINING ORDER
200805991,902,VIOLATION OF TEMPORARY RESTRAINING ORDER
200806398,902,VIOLATION OF TEMPORARY RESTRAINING ORDER
202114168,902,VIOLATION OF TEMPORARY RESTRAINING ORDER
200715415,902,VIOLATION OF TEMPORARY RESTRAINING ORDER
200910961,902,VIOLATION OF TEMPORARY RESTRAINING ORDER
200321184,902,VIOLATION OF TEMPORARY RESTRAINING ORDER
201320833,902,VIOLATION OF TEMPORARY RESTRAINING ORDER
200405511,902,VIOLATION OF TEMPORARY RESTRAINING ORDER
201906743,902,VIOLATION OF TEMPORARY RESTRAINING ORDER
201815297,902,VIOLATION OF TEMPORARY RESTRAINING ORDER
201911975,902,VIOLATION OF TEMPORARY RESTRAINING ORDER
200407981,902,VIOLATION OF TEMPORARY RESTRAINING ORDER
202108903,902,VIOLATION OF TEMPORARY RESTRAINING ORDER
202111756,902,VIOLATION OF TEMPORARY RESTRAINING ORDER
200715609,902,VIOLATION OF TEMPORARY RESTRAINING ORDER
201016128,902,VIOLATION OF TEMPORARY RESTRAINING ORDER
201209207,902,VIOLATION OF TEMPORARY RESTRAINING ORDER
202108904,902,VIOLATION OF TEMPORARY RESTRAINING ORDER
202109697,902,VIOLATION OF TEMPORARY RESTRAINING ORDER
201711768,902,VIOLATION OF TEMPORARY RESTRAINING ORDER
202109379,902,VIOLATION OF TEMPORARY RESTRAINING ORDER
211710805,902,VIOLATION OF TEMPORARY RESTRAINING ORDER
212115300,902,VIOLATION OF TEMPORARY RESTRAINING ORDER
211914046,902,VIOLATION OF TEMPORARY RESTRAINING ORDER
210320632,902,VIOLATION OF TEMPORARY RESTRAINING ORDER
211116674,902,VIOLATION OF TEMPORARY RESTRAINING ORDER
211712567,902,VIOLATION OF TEMPORARY RESTRAINING ORDER
212016640,902,VIOLATION OF TEMPORARY RESTRAINING ORDER
211104767,902,VIOLATION OF TEMPORARY RESTRAINING ORDER
211009834,902,VIOLATION OF TEMPORARY RESTRAINING ORDER
212113640,902,VIOLATION OF TEMPORARY RESTRAINING ORDER
211009590,902,VIOLATION OF TEMPORARY RESTRAINING ORDER
211305802,902,VIOLATION OF TEMPORARY RESTRAINING ORDER
210319305,902,VIOLATION OF TEMPORARY RESTRAINING ORDER
211217093,902,VIOLATION OF TEMPORARY RESTRAINING ORDER
211706407,902,VIOLATION OF TEMPORARY RESTRAINING ORDER
211711604,902,VIOLATION OF TEMPORARY RESTRAINING ORDER
211711455,902,VIOLATION OF TEMPORARY RESTRAINING ORDER
212113873,902,VIOLATION OF TEMPORARY RESTRAINING ORDER
211115744,902,VIOLATION OF TEMPORARY RESTRAINING ORDER
212012166,902,VIOLATION OF TEMPORARY RESTRAINING ORDER
211707934,902,VIOLATION OF TEMPORARY RESTRAINING ORDER
211710085,902,VIOLATION OF TEMPORARY RESTRAINING ORDER
210707752,902,VIOLATION OF TEMPORARY RESTRAINING ORDER
211714500,902,VIOLATION OF TEMPORARY RESTRAINING ORDER
212008760,902,VIOLATION OF TEMPORARY RESTRAINING ORDER
210415395,902,VIOLATION OF TEMPORARY RESTRAINING ORDER
210511763,902,VIOLATION OF TEMPORARY RESTRAINING ORDER
212116387,902,VIOLATION OF TEMPORARY RESTRAINING ORDER
212014782,902,VIOLATION OF TEMPORARY RESTRAINING ORDER
210205652,902,VIOLATION OF TEMPORARY RESTRAINING ORDER
211812217,902,VIOLATION OF TEMPORARY RESTRAINING ORDER
211813525,902,VIOLATION OF TEMPORARY RESTRAINING ORDER
212108390,902,VIOLATION OF TEMPORARY RESTRAINING ORDER
211800769,902,VIOLATION OF TEMPORARY RESTRAINING ORDER
212106185,902,VIOLATION OF TEMPORARY RESTRAINING ORDER
210407807,902,VIOLATION OF TEMPORARY RESTRAINING ORDER
211710386,902,VIOLATION OF TEMPORARY RESTRAINING ORDER
210909724,902,VIOLATION OF TEMPORARY RESTRAINING ORDER
212112689,902,VIOLATION OF TEMPORARY RESTRAINING ORDER
211913212,902,VIOLATION OF TEMPORARY RESTRAINING ORDER
211715317,902,VIOLATION OF TEMPORARY RESTRAINING ORDER
210206345,902,VIOLATION OF TEMPORARY RESTRAINING ORDER
211910375,902,VIOLATION OF TEMPORARY RESTRAINING ORDER
211014925,902,VIOLATION OF TEMPORARY RESTRAINING ORDER
211707424,902,VIOLATION OF TEMPORARY RESTRAINING ORDER
212113998,902,VIOLATION OF TEMPORARY RESTRAINING ORDER
211012418,902,VIOLATION OF TEMPORARY RESTRAINING ORDER
211013121,902,VIOLATION OF TEMPORARY RESTRAINING ORDER
212109689,902,VIOLATION OF TEMPORARY RESTRAINING ORDER
212113014,902,VIOLATION OF TEMPORARY RESTRAINING ORDER
211014993,902,VIOLATION OF TEMPORARY RESTRAINING ORDER
210313226,902,VIOLATION OF TEMPORARY RESTRAINING ORDER
210414349,902,VIOLATION OF TEMPORARY RESTRAINING ORDER
211510413,902,VIOLATION OF TEMPORARY RESTRAINING ORDER
211704144,902,VIOLATION OF TEMPORARY RESTRAINING ORDER
211611243,902,VIOLATION OF TEMPORARY RESTRAINING ORDER
211707836,902,VIOLATION OF TEMPORARY RESTRAINING ORDER
212111729,902,VIOLATION OF TEMPORARY RESTRAINING ORDER
210416257,902,VIOLATION OF TEMPORARY RESTRAINING ORDER
211706760,902,VIOLATION OF TEMPORARY RESTRAINING ORDER
211706783,902,VIOLATION OF TEMPORARY RESTRAINING ORDER
210405649,902,VIOLATION OF TEMPORARY RESTRAINING ORDER
211704297,902,VIOLATION OF TEMPORARY RESTRAINING ORDER
212109464,902,VIOLATION OF TEMPORARY RESTRAINING ORDER
211015906,902,VIOLATION OF TEMPORARY RESTRAINING ORDER
211711548,902,VIOLATION OF TEMPORARY RESTRAINING ORDER
210806513,902,VIOLATION OF TEMPORARY RESTRAINING ORDER
210412525,902,VIOLATION OF TEMPORARY RESTRAINING ORDER
211007820,902,VIOLATION OF TEMPORARY RESTRAINING ORDER
211005040,902,VIOLATION OF TEMPORARY RESTRAINING ORDER
210404435,902,VIOLATION OF TEMPORARY RESTRAINING ORDER
211910423,902,VIOLATION OF TEMPORARY RESTRAINING ORDER
211015161,902,VIOLATION OF TEMPORARY RESTRAINING ORDER
210319221,902,VIOLATION OF TEMPORARY RESTRAINING ORDER
210406359,902,VIOLATION OF TEMPORARY RESTRAINING ORDER
212111906,902,VIOLATION OF TEMPORARY RESTRAINING ORDER
211712513,902,VIOLATION OF TEMPORARY RESTRAINING ORDER
211007917,902,VIOLATION OF TEMPORARY RESTRAINING ORDER
211708459,902,VIOLATION OF TEMPORARY RESTRAINING ORDER
210310037,902,VIOLATION OF TEMPORARY RESTRAINING ORDER
210212790,902,VIOLATION OF TEMPORARY RESTRAINING ORDER
212109894,902,VIOLATION OF TEMPORARY RESTRAINING ORDER
211304617,902,VIOLATION OF TEMPORARY RESTRAINING ORDER
210817587,902,VIOLATION OF TEMPORARY RESTRAINING ORDER
211008774,902,VIOLATION OF TEMPORARY RESTRAINING ORDER
211113464,902,VIOLATION OF TEMPORARY RESTRAINING ORDER
211912673,902,VIOLATION OF TEMPORARY RESTRAINING ORDER
212015578,902,VIOLATION OF TEMPORARY RESTRAINING ORDER
210404175,902,VIOLATION OF TEMPORARY RESTRAINING ORDER
210408390,902,VIOLATION OF TEMPORARY RESTRAINING ORDER
212107565,902,VIOLATION OF TEMPORARY RESTRAINING ORDER
211714255,902,VIOLATION OF TEMPORARY RESTRAINING ORDER
212112513,902,VIOLATION OF TEMPORARY RESTRAINING ORDER
210615511,902,VIOLATION OF TEMPORARY RESTRAINING ORDER
211013293,902,VIOLATION OF TEMPORARY RESTRAINING ORDER
211015502,902,VIOLATION OF TEMPORARY RESTRAINING ORDER
210617785,902,VIOLATION OF TEMPORARY RESTRAINING ORDER
210516915,902,VIOLATION OF TEMPORARY RESTRAINING ORDER
210413100,902,VIOLATION OF TEMPORARY RESTRAINING ORDER
212013467,902,VIOLATION OF TEMPORARY RESTRAINING ORDER
210607466,902,VIOLATION OF TEMPORARY RESTRAINING ORDER
211707019,902,VIOLATION OF TEMPORARY RESTRAINING ORDER
211518424,902,VIOLATION OF TEMPORARY RESTRAINING ORDER
212011806,902,VIOLATION OF TEMPORARY RESTRAINING ORDER
211007154,902,VIOLATION OF TEMPORARY RESTRAINING ORDER
210515382,902,VIOLATION OF TEMPORARY RESTRAINING ORDER
211007089,902,VIOLATION OF TEMPORARY RESTRAINING ORDER
211308530,902,VIOLATION OF TEMPORARY RESTRAINING ORDER
211407364,902,VIOLATION OF TEMPORARY RESTRAINING ORDER
211916250,902,VIOLATION OF TEMPORARY RESTRAINING ORDER
211708323,902,VIOLATION OF TEMPORARY RESTRAINING ORDER
210817423,902,VIOLATION OF TEMPORARY RESTRAINING ORDER
212108829,902,VIOLATION OF TEMPORARY RESTRAINING ORDER
211013273,902,VIOLATION OF TEMPORARY RESTRAINING ORDER
211817720,902,VIOLATION OF TEMPORARY RESTRAINING ORDER
210409113,902,VIOLATION OF TEMPORARY RESTRAINING ORDER
211015019,902,VIOLATION OF TEMPORARY RESTRAINING ORDER
211807556,902,VIOLATION OF TEMPORARY RESTRAINING ORDER
210319220,902,VIOLATION OF TEMPORARY RESTRAINING ORDER
210612208,902,VIOLATION OF TEMPORARY RESTRAINING ORDER
211312577,902,VIOLATION OF TEMPORARY RESTRAINING ORDER
210812557,902,VIOLATION OF TEMPORARY RESTRAINING ORDER
212117675,902,VIOLATION OF TEMPORARY RESTRAINING ORDER
211504384,902,VIOLATION OF TEMPORARY RESTRAINING ORDER
211711756,902,VIOLATION OF TEMPORARY RESTRAINING ORDER
212108785,902,VIOLATION OF TEMPORARY RESTRAINING ORDER
211016135,902,VIOLATION OF TEMPORARY RESTRAINING ORDER
210216356,902,VIOLATION OF TEMPORARY RESTRAINING ORDER
211015008,902,VIOLATION OF TEMPORARY RESTRAINING ORDER
210713735,902,VIOLATION OF TEMPORARY RESTRAINING ORDER
212012142,902,VIOLATION OF TEMPORARY RESTRAINING ORDER
211707396,902,VIOLATION OF TEMPORARY RESTRAINING ORDER
211411289,902,VIOLATION OF TEMPORARY RESTRAINING ORDER
211114113,902,VIOLATION OF TEMPORARY RESTRAINING ORDER
211707859,902,VIOLATION OF TEMPORARY RESTRAINING ORDER
211817663,902,VIOLATION OF TEMPORARY RESTRAINING ORDER
211612837,902,VIOLATION OF TEMPORARY RESTRAINING ORDER
210807405,902,VIOLATION OF TEMPORARY RESTRAINING ORDER
211007238,902,VIOLATION OF TEMPORARY RESTRAINING ORDER
211815210,902,VIOLATION OF TEMPORARY RESTRAINING ORDER
210817593,902,VIOLATION OF TEMPORARY RESTRAINING ORDER
211716176,902,VIOLATION OF TEMPORARY RESTRAINING ORDER
210609172,902,VIOLATION OF TEMPORARY RESTRAINING ORDER
222004005,902,VIOLATION OF TEMPORARY RESTRAINING ORDER
211014041,902,VIOLATION OF TEMPORARY RESTRAINING ORDER
212107032,902,VIOLATION OF TEMPORARY RESTRAINING ORDER
211316530,902,VIOLATION OF TEMPORARY RESTRAINING ORDER
211004290,902,VIOLATION OF TEMPORARY RESTRAINING ORDER
211612217,902,VIOLATION OF TEMPORARY RESTRAINING ORDER
211715832,902,VIOLATION OF TEMPORARY RESTRAINING ORDER
211008787,902,VIOLATION OF TEMPORARY RESTRAINING ORDER
212110897,902,VIOLATION OF TEMPORARY RESTRAINING ORDER
211009714,902,VIOLATION OF TEMPORARY RESTRAINING ORDER
212114641,902,VIOLATION OF TEMPORARY RESTRAINING ORDER
211710622,902,VIOLATION OF TEMPORARY RESTRAINING ORDER
212006820,902,VIOLATION OF TEMPORARY RESTRAINING ORDER
210710215,902,VIOLATION OF TEMPORARY RESTRAINING ORDER
212111837,902,VIOLATION OF TEMPORARY RESTRAINING ORDER
211710729,902,VIOLATION OF TEMPORARY RESTRAINING ORDER
211611367,902,VIOLATION OF TEMPORARY RESTRAINING ORDER
212010287,902,VIOLATION OF TEMPORARY RESTRAINING ORDER
210512511,902,VIOLATION OF TEMPORARY RESTRAINING ORDER
210617273,902,VIOLATION OF TEMPORARY RESTRAINING ORDER
211015209,902,VIOLATION OF TEMPORARY RESTRAINING ORDER
212112435,902,VIOLATION OF TEMPORARY RESTRAINING ORDER
212112351,902,VIOLATION OF TEMPORARY RESTRAINING ORDER
211714907,902,VIOLATION OF TEMPORARY RESTRAINING ORDER
211711551,902,VIOLATION OF TEMPORARY RESTRAINING ORDER
210806565,902,VIOLATION OF TEMPORARY RESTRAINING ORDER
211712849,902,VIOLATION OF TEMPORARY RESTRAINING ORDER
210311535,902,VIOLATION OF TEMPORARY RESTRAINING ORDER
211010490,902,VIOLATION OF TEMPORARY RESTRAINING ORDER
211607689,902,VIOLATION OF TEMPORARY RESTRAINING ORDER
211604244,902,VIOLATION OF TEMPORARY RESTRAINING ORDER
210316754,902,VIOLATION OF TEMPORARY RESTRAINING ORDER
210414125,902,VIOLATION OF TEMPORARY RESTRAINING ORDER
210911566,902,VIOLATION OF TEMPORARY RESTRAINING ORDER
212117615,902,VIOLATION OF TEMPORARY RESTRAINING ORDER
211907760,902,VIOLATION OF TEMPORARY RESTRAINING ORDER
210605709,902,VIOLATION OF TEMPORARY RESTRAINING ORDER
211015920,902,VIOLATION OF TEMPORARY RESTRAINING ORDER
211221873,902,VIOLATION OF TEMPORARY RESTRAINING ORDER
210117064,902,VIOLATION OF TEMPORARY RESTRAINING ORDER
211013382,902,VIOLATION OF TEMPORARY RESTRAINING ORDER
211422868,902,VIOLATION OF TEMPORARY RESTRAINING ORDER
212108405,902,VIOLATION OF TEMPORARY RESTRAINING ORDER
211708919,902,VIOLATION OF TEMPORARY RESTRAINING ORDER
212109463,902,VIOLATION OF TEMPORARY RESTRAINING ORDER
211709625,902,VIOLATION OF TEMPORARY RESTRAINING ORDER
211015031,902,VIOLATION OF TEMPORARY RESTRAINING ORDER
212007774,902,VIOLATION OF TEMPORARY RESTRAINING ORDER
212112894,902,VIOLATION OF TEMPORARY RESTRAINING ORDER
212010100,902,VIOLATION OF TEMPORARY RESTRAINING ORDER
212011526,902,VIOLATION OF TEMPORARY RESTRAINING ORDER
212107031,902,VIOLATION OF TEMPORARY RESTRAINING ORDER
212111922,902,VIOLATION OF TEMPORARY RESTRAINING ORDER
211909016,902,VIOLATION OF TEMPORARY RESTRAINING ORDER
210505014,902,VIOLATION OF TEMPORARY RESTRAINING ORDER
210317997,902,VIOLATION OF TEMPORARY RESTRAINING ORDER
212113064,902,VIOLATION OF TEMPORARY RESTRAINING ORDER
211210646,902,VIOLATION OF TEMPORARY RESTRAINING ORDER
212116212,902,VIOLATION OF TEMPORARY RESTRAINING ORDER
210304019,902,VIOLATION OF TEMPORARY RESTRAINING ORDER
212112512,902,VIOLATION OF TEMPORARY RESTRAINING ORDER
211015468,902,VIOLATION OF TEMPORARY RESTRAINING ORDER
210216166,902,VIOLATION OF TEMPORARY RESTRAINING ORDER
221012375,902,VIOLATION OF TEMPORARY RESTRAINING ORDER
211111853,902,VIOLATION OF TEMPORARY RESTRAINING ORDER
211715717,902,VIOLATION OF TEMPORARY RESTRAINING ORDER
211113880,902,VIOLATION OF TEMPORARY RESTRAINING ORDER
210408320,902,VIOLATION OF TEMPORARY RESTRAINING ORDER
210904823,902,VIOLATION OF TEMPORARY RESTRAINING ORDER
211710176,902,VIOLATION OF TEMPORARY RESTRAINING ORDER
212111562,902,VIOLATION OF TEMPORARY RESTRAINING ORDER
212010111,902,VIOLATION OF TEMPORARY RESTRAINING ORDER
211013779,902,VIOLATION OF TEMPORARY RESTRAINING ORDER
211708125,902,VIOLATION OF TEMPORARY RESTRAINING ORDER
210805192,902,VIOLATION OF TEMPORARY RESTRAINING ORDER
211709940,902,VIOLATION OF TEMPORARY RESTRAINING ORDER
221709672,902,VIOLATION OF TEMPORARY RESTRAINING ORDER
221416916,902,VIOLATION OF TEMPORARY RESTRAINING ORDER
221714278,902,VIOLATION OF TEMPORARY RESTRAINING ORDER
222017250,902,VIOLATION OF TEMPORARY RESTRAINING ORDER
221709669,902,VIOLATION OF TEMPORARY RESTRAINING ORDER
220317017,902,VIOLATION OF TEMPORARY RESTRAINING ORDER
220311406,902,VIOLATION OF TEMPORARY RESTRAINING ORDER
220909807,902,VIOLATION OF TEMPORARY RESTRAINING ORDER
221011062,902,VIOLATION OF TEMPORARY RESTRAINING ORDER
221107061,902,VIOLATION OF TEMPORARY RESTRAINING ORDER
221907081,902,VIOLATION OF TEMPORARY RESTRAINING ORDER
221105355,902,VIOLATION OF TEMPORARY RESTRAINING ORDER
221006669,902,VIOLATION OF TEMPORARY RESTRAINING ORDER
222006597,902,VIOLATION OF TEMPORARY RESTRAINING ORDER
221009401,902,VIOLATION OF TEMPORARY RESTRAINING ORDER
220812821,902,VIOLATION OF TEMPORARY RESTRAINING ORDER
221012423,902,VIOLATION OF TEMPORARY RESTRAINING ORDER
221013085,902,VIOLATION OF TEMPORARY RESTRAINING ORDER
221318119,902,VIOLATION OF TEMPORARY RESTRAINING ORDER
221715015,902,VIOLATION OF TEMPORARY RESTRAINING ORDER
221711129,902,VIOLATION OF TEMPORARY RESTRAINING ORDER
222107234,902,VIOLATION OF TEMPORARY RESTRAINING ORDER
221009936,902,VIOLATION OF TEMPORARY RESTRAINING ORDER
221012385,902,VIOLATION OF TEMPORARY RESTRAINING ORDER
221014118,902,VIOLATION OF TEMPORARY RESTRAINING ORDER
221015891,902,VIOLATION OF TEMPORARY RESTRAINING ORDER
220913761,902,VIOLATION OF TEMPORARY RESTRAINING ORDER
220914226,902,VIOLATION OF TEMPORARY RESTRAINING ORDER
220307186,902,VIOLATION OF TEMPORARY RESTRAINING ORDER
220917835,902,VIOLATION OF TEMPORARY RESTRAINING ORDER
220615883,902,VIOLATION OF TEMPORARY RESTRAINING ORDER
221818681,902,VIOLATION OF TEMPORARY RESTRAINING ORDER
220315596,902,VIOLATION OF TEMPORARY RESTRAINING ORDER
221517359,902,VIOLATION OF TEMPORARY RESTRAINING ORDER
221012111,902,VIOLATION OF TEMPORARY RESTRAINING ORDER
221011438,902,VIOLATION OF TEMPORARY RESTRAINING ORDER
221715427,902,VIOLATION OF TEMPORARY RESTRAINING ORDER
221010345,902,VIOLATION OF TEMPORARY RESTRAINING ORDER
221107055,902,VIOLATION OF TEMPORARY RESTRAINING ORDER
221716979,902,VIOLATION OF TEMPORARY RESTRAINING ORDER
222005886,902,VIOLATION OF TEMPORARY RESTRAINING ORDER
222111057,902,VIOLATION OF TEMPORARY RESTRAINING ORDER
222111770,902,VIOLATION OF TEMPORARY RESTRAINING ORDER
222007721,902,VIOLATION OF TEMPORARY RESTRAINING ORDER
221710246,902,VIOLATION OF TEMPORARY RESTRAINING ORDER
220912427,902,VIOLATION OF TEMPORARY RESTRAINING ORDER
221517358,902,VIOLATION OF TEMPORARY RESTRAINING ORDER
220910337,902,VIOLATION OF TEMPORARY RESTRAINING ORDER
220910849,902,VIOLATION OF TEMPORARY RESTRAINING ORDER
221117557,902,VIOLATION OF TEMPORARY RESTRAINING ORDER
221709670,902,VIOLATION OF TEMPORARY RESTRAINING ORDER
220713435,902,VIOLATION OF TEMPORARY RESTRAINING ORDER
222007659,902,VIOLATION OF TEMPORARY RESTRAINING ORDER
220913963,902,VIOLATION OF TEMPORARY RESTRAINING ORDER
221805775,902,VIOLATION OF TEMPORARY RESTRAINING ORDER
221715476,902,VIOLATION OF TEMPORARY RESTRAINING ORDER
220126591,902,VIOLATION OF TEMPORARY RESTRAINING ORDER
221709582,902,VIOLATION OF TEMPORARY RESTRAINING ORDER
221705583,902,VIOLATION OF TEMPORARY RESTRAINING ORDER
221704940,902,VIOLATION OF TEMPORARY RESTRAINING ORDER
221709634,902,VIOLATION OF TEMPORARY RESTRAINING ORDER
222111979,902,VIOLATION OF TEMPORARY RESTRAINING ORDER
221716545,902,VIOLATION OF TEMPORARY RESTRAINING ORDER
220807328,902,VIOLATION OF TEMPORARY RESTRAINING ORDER
221916328,902,VIOLATION OF TEMPORARY RESTRAINING ORDER
222018125,902,VIOLATION OF TEMPORARY RESTRAINING ORDER
220616746,902,VIOLATION OF TEMPORARY RESTRAINING ORDER
221225626,902,VIOLATION OF TEMPORARY RESTRAINING ORDER
221305409,902,VIOLATION OF TEMPORARY RESTRAINING ORDER
220106785,902,VIOLATION OF TEMPORARY RESTRAINING ORDER
221711075,902,VIOLATION OF TEMPORARY RESTRAINING ORDER
221708866,902,VIOLATION OF TEMPORARY RESTRAINING ORDER
221713350,902,VIOLATION OF TEMPORARY RESTRAINING ORDER
221504178,902,VIOLATION OF TEMPORARY RESTRAINING ORDER
221709490,902,VIOLATION OF TEMPORARY RESTRAINING ORDER
221313469,902,VIOLATION OF TEMPORARY RESTRAINING ORDER
221715473,902,VIOLATION OF TEMPORARY RESTRAINING ORDER
221707006,902,VIOLATION OF TEMPORARY RESTRAINING ORDER
222010942,902,VIOLATION OF TEMPORARY RESTRAINING ORDER
222114419,902,VIOLATION OF TEMPORARY RESTRAINING ORDER
220612944,902,VIOLATION OF TEMPORARY RESTRAINING ORDER
220812107,902,VIOLATION OF TEMPORARY RESTRAINING ORDER
220312010,902,VIOLATION OF TEMPORARY RESTRAINING ORDER
221916040,902,VIOLATION OF TEMPORARY RESTRAINING ORDER
221711977,902,VIOLATION OF TEMPORARY RESTRAINING ORDER
221715794,902,VIOLATION OF TEMPORARY RESTRAINING ORDER
221005078,902,VIOLATION OF TEMPORARY RESTRAINING ORDER
221005276,902,VIOLATION OF TEMPORARY RESTRAINING ORDER
221517378,902,VIOLATION OF TEMPORARY RESTRAINING ORDER
220316486,902,VIOLATION OF TEMPORARY RESTRAINING ORDER
221709778,902,VIOLATION OF TEMPORARY RESTRAINING ORDER
220907860,902,VIOLATION OF TEMPORARY RESTRAINING ORDER
221816462,902,VIOLATION OF TEMPORARY RESTRAINING ORDER
220118597,902,VIOLATION OF TEMPORARY RESTRAINING ORDER
222112894,902,VIOLATION OF TEMPORARY RESTRAINING ORDER
221013784,902,VIOLATION OF TEMPORARY RESTRAINING ORDER
221908213,902,VIOLATION OF TEMPORARY RESTRAINING ORDER
221007000,902,VIOLATION OF TEMPORARY RESTRAINING ORDER
221700718,902,VIOLATION OF TEMPORARY RESTRAINING ORDER
220205059,902,VIOLATION OF TEMPORARY RESTRAINING ORDER
220304600,902,VIOLATION OF TEMPORARY RESTRAINING ORDER
221309932,902,VIOLATION OF TEMPORARY RESTRAINING ORDER
222118234,902,VIOLATION OF TEMPORARY RESTRAINING ORDER
220218654,902,VIOLATION OF TEMPORARY RESTRAINING ORDER
220306150,902,VIOLATION OF TEMPORARY RESTRAINING ORDER
220717892,902,VIOLATION OF TEMPORARY RESTRAINING ORDER
221018218,902,VIOLATION OF TEMPORARY RESTRAINING ORDER
220209463,902,VIOLATION OF TEMPORARY RESTRAINING ORDER
221712543,902,VIOLATION OF TEMPORARY RESTRAINING ORDER
221009167,902,VIOLATION OF TEMPORARY RESTRAINING ORDER
221011075,902,VIOLATION OF TEMPORARY RESTRAINING ORDER
220218347,902,VIOLATION OF TEMPORARY RESTRAINING ORDER
221711076,902,VIOLATION OF TEMPORARY RESTRAINING ORDER
220311279,902,VIOLATION OF TEMPORARY RESTRAINING ORDER
222112998,902,VIOLATION OF TEMPORARY RESTRAINING ORDER
221208987,902,VIOLATION OF TEMPORARY RESTRAINING ORDER
221708118,902,VIOLATION OF TEMPORARY RESTRAINING ORDER
221715727,902,VIOLATION OF TEMPORARY RESTRAINING ORDER
221712671,902,VIOLATION OF TEMPORARY RESTRAINING ORDER
221807746,902,VIOLATION OF TEMPORARY RESTRAINING ORDER
221316507,902,VIOLATION OF TEMPORARY RESTRAINING ORDER
220909035,902,VIOLATION OF TEMPORARY RESTRAINING ORDER
221707295,902,VIOLATION OF TEMPORARY RESTRAINING ORDER
221010622,902,VIOLATION OF TEMPORARY RESTRAINING ORDER
220209587,902,VIOLATION OF TEMPORARY RESTRAINING ORDER
221004834,902,VIOLATION OF TEMPORARY RESTRAINING ORDER
221018156,902,VIOLATION OF TEMPORARY RESTRAINING ORDER
221710546,902,VIOLATION OF TEMPORARY RESTRAINING ORDER
220506024,902,VIOLATION OF TEMPORARY RESTRAINING ORDER
221008229,902,VIOLATION OF TEMPORARY RESTRAINING ORDER
220105518,902,VIOLATION OF TEMPORARY RESTRAINING ORDER
221709671,902,VIOLATION OF TEMPORARY RESTRAINING ORDER
220318533,902,VIOLATION OF TEMPORARY RESTRAINING ORDER
221008475,902,VIOLATION OF TEMPORARY RESTRAINING ORDER
221714476,902,VIOLATION OF TEMPORARY RESTRAINING ORDER
222105353,902,VIOLATION OF TEMPORARY RESTRAINING ORDER
221322855,902,VIOLATION OF TEMPORARY RESTRAINING ORDER
221005789,902,VIOLATION OF TEMPORARY RESTRAINING ORDER
221710849,902,VIOLATION OF TEMPORARY RESTRAINING ORDER
221712603,902,VIOLATION OF TEMPORARY RESTRAINING ORDER
221708364,902,VIOLATION OF TEMPORARY RESTRAINING ORDER
221712136,902,VIOLATION OF TEMPORARY RESTRAINING ORDER
220411367,902,VIOLATION OF TEMPORARY RESTRAINING ORDER
221008921,902,VIOLATION OF TEMPORARY RESTRAINING ORDER
220612869,902,VIOLATION OF TEMPORARY RESTRAINING ORDER
220205125,902,VIOLATION OF TEMPORARY RESTRAINING ORDER
221710846,902,VIOLATION OF TEMPORARY RESTRAINING ORDER
222015061,902,VIOLATION OF TEMPORARY RESTRAINING ORDER
221007622,902,VIOLATION OF TEMPORARY RESTRAINING ORDER
221319245,902,VIOLATION OF TEMPORARY RESTRAINING ORDER
222008290,902,VIOLATION OF TEMPORARY RESTRAINING ORDER
221005077,902,VIOLATION OF TEMPORARY RESTRAINING ORDER
220306883,902,VIOLATION OF TEMPORARY RESTRAINING ORDER
220914511,902,VIOLATION OF TEMPORARY RESTRAINING ORDER
220909498,902,VIOLATION OF TEMPORARY RESTRAINING ORDER
222110697,902,VIOLATION OF TEMPORARY RESTRAINING ORDER
221700604,902,VIOLATION OF TEMPORARY RESTRAINING ORDER
221706646,902,VIOLATION OF TEMPORARY RESTRAINING ORDER
222110395,902,VIOLATION OF TEMPORARY RESTRAINING ORDER
221711259,902,VIOLATION OF TEMPORARY RESTRAINING ORDER
220707786,902,VIOLATION OF TEMPORARY RESTRAINING ORDER
220510235,902,VIOLATION OF TEMPORARY RESTRAINING ORDER
221009623,902,VIOLATION OF TEMPORARY RESTRAINING ORDER
220205866,902,VIOLATION OF TEMPORARY RESTRAINING ORDER
221010790,902,VIOLATION OF TEMPORARY RESTRAINING ORDER
221713424,902,VIOLATION OF TEMPORARY RESTRAINING ORDER
220314924,902,VIOLATION OF TEMPORARY RESTRAINING ORDER
221807732,902,VIOLATION OF TEMPORARY RESTRAINING ORDER
221712203,902,VIOLATION OF TEMPORARY RESTRAINING ORDER
220205865,902,VIOLATION OF TEMPORARY RESTRAINING ORDER
221006746,902,VIOLATION OF TEMPORARY RESTRAINING ORDER
221713426,902,VIOLATION OF TEMPORARY RESTRAINING ORDER
221323134,902,VIOLATION OF TEMPORARY RESTRAINING ORDER
221009673,902,VIOLATION OF TEMPORARY RESTRAINING ORDER
222015949,902,VIOLATION OF TEMPORARY RESTRAINING ORDER
221011174,902,VIOLATION OF TEMPORARY RESTRAINING ORDER
220312519,902,VIOLATION OF TEMPORARY RESTRAINING ORDER
220219765,902,VIOLATION OF TEMPORARY RESTRAINING ORDER
221011199,902,VIOLATION OF TEMPORARY RESTRAINING ORDER
221708012,902,VIOLATION OF TEMPORARY RESTRAINING ORDER
220220199,902,VIOLATION OF TEMPORARY RESTRAINING ORDER
221710572,902,VIOLATION OF TEMPORARY RESTRAINING ORDER
222008207,902,VIOLATION OF TEMPORARY RESTRAINING ORDER
222113267,902,VIOLATION OF TEMPORARY RESTRAINING ORDER
220411998,902,VIOLATION OF TEMPORARY RESTRAINING ORDER
221012117,902,VIOLATION OF TEMPORARY RESTRAINING ORDER
221009697,902,VIOLATION OF TEMPORARY RESTRAINING ORDER
221214896,902,VIOLATION OF TEMPORARY RESTRAINING ORDER
220915961,902,VIOLATION OF TEMPORARY RESTRAINING ORDER
221713428,902,VIOLATION OF TEMPORARY RESTRAINING ORDER
221013970,902,VIOLATION OF TEMPORARY RESTRAINING ORDER
220307689,902,VIOLATION OF TEMPORARY RESTRAINING ORDER
221005766,902,VIOLATION OF TEMPORARY RESTRAINING ORDER
220314936,902,VIOLATION OF TEMPORARY RESTRAINING ORDER
221010657,902,VIOLATION OF TEMPORARY RESTRAINING ORDER
221006917,902,VIOLATION OF TEMPORARY RESTRAINING ORDER
221008316,902,VIOLATION OF TEMPORARY RESTRAINING ORDER
221710547,902,VIOLATION OF TEMPORARY RESTRAINING ORDER
221708694,902,VIOLATION OF TEMPORARY RESTRAINING ORDER
220916701,902,VIOLATION OF TEMPORARY RESTRAINING ORDER
220409092,902,VIOLATION OF TEMPORARY RESTRAINING ORDER
220218060,902,VIOLATION OF TEMPORARY RESTRAINING ORDER
221222527,902,VIOLATION OF TEMPORARY RESTRAINING ORDER
220210763,902,VIOLATION OF TEMPORARY RESTRAINING ORDER
221319556,902,VIOLATION OF TEMPORARY RESTRAINING ORDER
221012760,902,VIOLATION OF TEMPORARY RESTRAINING ORDER
222116704,902,VIOLATION OF TEMPORARY RESTRAINING ORDER
220407770,902,VIOLATION OF TEMPORARY RESTRAINING ORDER
221010664,902,VIOLATION OF TEMPORARY RESTRAINING ORDER
221807745,902,VIOLATION OF TEMPORARY RESTRAINING ORDER
220411931,902,VIOLATION OF TEMPORARY RESTRAINING ORDER
220210779,902,VIOLATION OF TEMPORARY RESTRAINING ORDER
221907392,902,VIOLATION OF TEMPORARY RESTRAINING ORDER
221800685,902,VIOLATION OF TEMPORARY RESTRAINING ORDER
221301102,902,VIOLATION OF TEMPORARY RESTRAINING ORDER
221705133,902,VIOLATION OF TEMPORARY RESTRAINING ORDER
220219430,902,VIOLATION OF TEMPORARY RESTRAINING ORDER
221915529,902,VIOLATION OF TEMPORARY RESTRAINING ORDER
222005885,902,VIOLATION OF TEMPORARY RESTRAINING ORDER
221007216,902,VIOLATION OF TEMPORARY RESTRAINING ORDER
222013786,902,VIOLATION OF TEMPORARY RESTRAINING ORDER
220308629,902,VIOLATION OF TEMPORARY RESTRAINING ORDER
222013623,902,VIOLATION OF TEMPORARY RESTRAINING ORDER
220312011,902,VIOLATION OF TEMPORARY RESTRAINING ORDER
222018745,902,VIOLATION OF TEMPORARY RESTRAINING ORDER
221509062,902,VIOLATION OF TEMPORARY RESTRAINING ORDER
221013954,902,VIOLATION OF TEMPORARY RESTRAINING ORDER
221223477,902,VIOLATION OF TEMPORARY RESTRAINING ORDER
221614659,902,VIOLATION OF TEMPORARY RESTRAINING ORDER
221006216,902,VIOLATION OF TEMPORARY RESTRAINING ORDER
221310554,902,VIOLATION OF TEMPORARY RESTRAINING ORDER
220513448,902,VIOLATION OF TEMPORARY RESTRAINING ORDER
221813232,902,VIOLATION OF TEMPORARY RESTRAINING ORDER
221709600,902,VIOLATION OF TEMPORARY RESTRAINING ORDER
220218272,902,VIOLATION OF TEMPORARY RESTRAINING ORDER
220220198,902,VIOLATION OF TEMPORARY RESTRAINING ORDER
231406389,902,VIOLATION OF TEMPORARY RESTRAINING ORDER
230317576,902,VIOLATION OF TEMPORARY RESTRAINING ORDER
231308127,902,VIOLATION OF TEMPORARY RESTRAINING ORDER
231517699,902,VIOLATION OF TEMPORARY RESTRAINING ORDER
230210884,902,VIOLATION OF TEMPORARY RESTRAINING ORDER
232008902,902,VIOLATION OF TEMPORARY RESTRAINING ORDER
231614714,902,VIOLATION OF TEMPORARY RESTRAINING ORDER
231110179,902,VIOLATION OF TEMPORARY RESTRAINING ORDER
230612815,902,VIOLATION OF TEMPORARY RESTRAINING ORDER
230412960,902,VIOLATION OF TEMPORARY RESTRAINING ORDER
231104510,902,VIOLATION OF TEMPORARY RESTRAINING ORDER
231812684,902,VIOLATION OF TEMPORARY RESTRAINING ORDER
230211201,902,VIOLATION OF TEMPORARY RESTRAINING ORDER
231609767,902,VIOLATION OF TEMPORARY RESTRAINING ORDER
230911688,902,VIOLATION OF TEMPORARY RESTRAINING ORDER
231912026,902,VIOLATION OF TEMPORARY RESTRAINING ORDER
230314299,902,VIOLATION OF TEMPORARY RESTRAINING ORDER
230115540,902,VIOLATION OF TEMPORARY RESTRAINING ORDER
231519480,902,VIOLATION OF TEMPORARY RESTRAINING ORDER
231613409,902,VIOLATION OF TEMPORARY RESTRAINING ORDER
231111870,902,VIOLATION OF TEMPORARY RESTRAINING ORDER
231708376,902,VIOLATION OF TEMPORARY RESTRAINING ORDER
231917423,902,VIOLATION OF TEMPORARY RESTRAINING ORDER
231516326,902,VIOLATION OF TEMPORARY RESTRAINING ORDER
231305410,902,VIOLATION OF TEMPORARY RESTRAINING ORDER
232108187,902,VIOLATION OF TEMPORARY RESTRAINING ORDER
231111369,902,VIOLATION OF TEMPORARY RESTRAINING ORDER
231614143,902,VIOLATION OF TEMPORARY RESTRAINING ORDER
230307117,902,VIOLATION OF TEMPORARY RESTRAINING ORDER
231808171,902,VIOLATION OF TEMPORARY RESTRAINING ORDER
231008146,902,VIOLATION OF TEMPORARY RESTRAINING ORDER
231711564,902,VIOLATION OF TEMPORARY RESTRAINING ORDER
231709199,902,VIOLATION OF TEMPORARY RESTRAINING ORDER
231612692,902,VIOLATION OF TEMPORARY RESTRAINING ORDER
230516151,902,VIOLATION OF TEMPORARY RESTRAINING ORDER
231016696,902,VIOLATION OF TEMPORARY RESTRAINING ORDER
231519454,902,VIOLATION OF TEMPORARY RESTRAINING ORDER
231613910,902,VIOLATION OF TEMPORARY RESTRAINING ORDER
231815012,902,VIOLATION OF TEMPORARY RESTRAINING ORDER
230516414,902,VIOLATION OF TEMPORARY RESTRAINING ORDER
230912960,902,VIOLATION OF TEMPORARY RESTRAINING ORDER
231611824,902,VIOLATION OF TEMPORARY RESTRAINING ORDER
230607956,902,VIOLATION OF TEMPORARY RESTRAINING ORDER
230317663,902,VIOLATION OF TEMPORARY RESTRAINING ORDER
232113471,902,VIOLATION OF TEMPORARY RESTRAINING ORDER
231712724,902,VIOLATION OF TEMPORARY RESTRAINING ORDER
231615304,902,VIOLATION OF TEMPORARY RESTRAINING ORDER
231312131,902,VIOLATION OF TEMPORARY RESTRAINING ORDER
231516993,902,VIOLATION OF TEMPORARY RESTRAINING ORDER
231319325,902,VIOLATION OF TEMPORARY RESTRAINING ORDER
230407478,902,VIOLATION OF TEMPORARY RESTRAINING ORDER
231713630,902,VIOLATION OF TEMPORARY RESTRAINING ORDER
231519203,902,VIOLATION OF TEMPORARY RESTRAINING ORDER
230119409,902,VIOLATION OF TEMPORARY RESTRAINING ORDER
230904768,902,VIOLATION OF TEMPORARY RESTRAINING ORDER
231708379,902,VIOLATION OF TEMPORARY RESTRAINING ORDER
231007534,902,VIOLATION OF TEMPORARY RESTRAINING ORDER
231612706,902,VIOLATION OF TEMPORARY RESTRAINING ORDER
231607595,902,VIOLATION OF TEMPORARY RESTRAINING ORDER
230816092,902,VIOLATION OF TEMPORARY RESTRAINING ORDER
231609912,902,VIOLATION OF TEMPORARY RESTRAINING ORDER
231517946,902,VIOLATION OF TEMPORARY RESTRAINING ORDER
231516480,902,VIOLATION OF TEMPORARY RESTRAINING ORDER
230612169,902,VIOLATION OF TEMPORARY RESTRAINING ORDER
232013512,902,VIOLATION OF TEMPORARY RESTRAINING ORDER
231905066,902,VIOLATION OF TEMPORARY RESTRAINING ORDER
231317152,902,VIOLATION OF TEMPORARY RESTRAINING ORDER
231904954,902,VIOLATION OF TEMPORARY RESTRAINING ORDER
232104626,902,VIOLATION OF TEMPORARY RESTRAINING ORDER
231916995,902,VIOLATION OF TEMPORARY RESTRAINING ORDER
231107216,902,VIOLATION OF TEMPORARY RESTRAINING ORDER
230317521,902,VIOLATION OF TEMPORARY RESTRAINING ORDER
232115820,902,VIOLATION OF TEMPORARY RESTRAINING ORDER
230214532,902,VIOLATION OF TEMPORARY RESTRAINING ORDER
232107479,902,VIOLATION OF TEMPORARY RESTRAINING ORDER
231615079,902,VIOLATION OF TEMPORARY RESTRAINING ORDER
230512325,902,VIOLATION OF TEMPORARY RESTRAINING ORDER
231713455,902,VIOLATION OF TEMPORARY RESTRAINING ORDER
232012920,902,VIOLATION OF TEMPORARY RESTRAINING ORDER
231612752,902,VIOLATION OF TEMPORARY RESTRAINING ORDER
231104509,902,VIOLATION OF TEMPORARY RESTRAINING ORDER
231008047,902,VIOLATION OF TEMPORARY RESTRAINING ORDER
231909183,902,VIOLATION OF TEMPORARY RESTRAINING ORDER
231005304,902,VIOLATION OF TEMPORARY RESTRAINING ORDER
231515940,902,VIOLATION OF TEMPORARY RESTRAINING ORDER
230517182,902,VIOLATION OF TEMPORARY RESTRAINING ORDER
231014038,902,VIOLATION OF TEMPORARY RESTRAINING ORDER
231715164,902,VIOLATION OF TEMPORARY RESTRAINING ORDER
230301092,902,VIOLATION OF TEMPORARY RESTRAINING ORDER
231306183,902,VIOLATION OF TEMPORARY RESTRAINING ORDER
230404883,902,VIOLATION OF TEMPORARY RESTRAINING ORDER
231517949,902,VIOLATION OF TEMPORARY RESTRAINING ORDER
231317214,902,VIOLATION OF TEMPORARY RESTRAINING ORDER
231110519,902,VIOLATION OF TEMPORARY RESTRAINING ORDER
230508134,902,VIOLATION OF TEMPORARY RESTRAINING ORDER
231916994,902,VIOLATION OF TEMPORARY RESTRAINING ORDER
230319328,902,VIOLATION OF TEMPORARY RESTRAINING ORDER
230218147,902,VIOLATION OF TEMPORARY RESTRAINING ORDER
231517691,902,VIOLATION OF TEMPORARY RESTRAINING ORDER
232113009,902,VIOLATION OF TEMPORARY RESTRAINING ORDER
232006809,902,VIOLATION OF TEMPORARY RESTRAINING ORDER
230604077,902,VIOLATION OF TEMPORARY RESTRAINING ORDER
230406612,902,VIOLATION OF TEMPORARY RESTRAINING ORDER
231013203,902,VIOLATION OF TEMPORARY RESTRAINING ORDER
231708373,902,VIOLATION OF TEMPORARY RESTRAINING ORDER
232010275,902,VIOLATION OF TEMPORARY RESTRAINING ORDER
231812728,902,VIOLATION OF TEMPORARY RESTRAINING ORDER
231011052,902,VIOLATION OF TEMPORARY RESTRAINING ORDER
231017711,902,VIOLATION OF TEMPORARY RESTRAINING ORDER
232018613,902,VIOLATION OF TEMPORARY RESTRAINING ORDER
230401522,902,VIOLATION OF TEMPORARY RESTRAINING ORDER
231608287,902,VIOLATION OF TEMPORARY RESTRAINING ORDER
231608289,902,VIOLATION OF TEMPORARY RESTRAINING ORDER
231516678,902,VIOLATION OF TEMPORARY RESTRAINING ORDER
231318385,902,VIOLATION OF TEMPORARY RESTRAINING ORDER
231808757,902,VIOLATION OF TEMPORARY RESTRAINING ORDER
232113108,902,VIOLATION OF TEMPORARY RESTRAINING ORDER
230205052,902,VIOLATION OF TEMPORARY RESTRAINING ORDER
231510771,902,VIOLATION OF TEMPORARY RESTRAINING ORDER
230219884,902,VIOLATION OF TEMPORARY RESTRAINING ORDER
232104113,902,VIOLATION OF TEMPORARY RESTRAINING ORDER
231604230,902,VIOLATION OF TEMPORARY RESTRAINING ORDER
232113033,902,VIOLATION OF TEMPORARY RESTRAINING ORDER
231716314,902,VIOLATION OF TEMPORARY RESTRAINING ORDER
231014459,902,VIOLATION OF TEMPORARY RESTRAINING ORDER
231704071,902,VIOLATION OF TEMPORARY RESTRAINING ORDER
231713433,902,VIOLATION OF TEMPORARY RESTRAINING ORDER
231310079,902,VIOLATION OF TEMPORARY RESTRAINING ORDER
231614625,902,VIOLATION OF TEMPORARY RESTRAINING ORDER
230908116,902,VIOLATION OF TEMPORARY RESTRAINING ORDER
231314662,902,VIOLATION OF TEMPORARY RESTRAINING ORDER
231714551,902,VIOLATION OF TEMPORARY RESTRAINING ORDER
231311157,902,VIOLATION OF TEMPORARY RESTRAINING ORDER
230409311,902,VIOLATION OF TEMPORARY RESTRAINING ORDER
232112616,902,VIOLATION OF TEMPORARY RESTRAINING ORDER
231819491,902,VIOLATION OF TEMPORARY RESTRAINING ORDER
231607586,902,VIOLATION OF TEMPORARY RESTRAINING ORDER
231811037,902,VIOLATION OF TEMPORARY RESTRAINING ORDER
231609072,902,VIOLATION OF TEMPORARY RESTRAINING ORDER
230914948,902,VIOLATION OF TEMPORARY RESTRAINING ORDER
231713955,902,VIOLATION OF TEMPORARY RESTRAINING ORDER
231116603,902,VIOLATION OF TEMPORARY RESTRAINING ORDER
231818373,902,VIOLATION OF TEMPORARY RESTRAINING ORDER
231017623,902,VIOLATION OF TEMPORARY RESTRAINING ORDER
231708408,902,VIOLATION OF TEMPORARY RESTRAINING ORDER
231713629,902,VIOLATION OF TEMPORARY RESTRAINING ORDER
230511112,902,VIOLATION OF TEMPORARY RESTRAINING ORDER
230219885,902,VIOLATION OF TEMPORARY RESTRAINING ORDER
231613027,902,VIOLATION OF TEMPORARY RESTRAINING ORDER
231713400,902,VIOLATION OF TEMPORARY RESTRAINING ORDER
230405751,902,VIOLATION OF TEMPORARY RESTRAINING ORDER
231711663,902,VIOLATION OF TEMPORARY RESTRAINING ORDER
231519444,902,VIOLATION OF TEMPORARY RESTRAINING ORDER
231810134,902,VIOLATION OF TEMPORARY RESTRAINING ORDER
231010982,902,VIOLATION OF TEMPORARY RESTRAINING ORDER
231704060,902,VIOLATION OF TEMPORARY RESTRAINING ORDER
231708400,902,VIOLATION OF TEMPORARY RESTRAINING ORDER
231314433,902,VIOLATION OF TEMPORARY RESTRAINING ORDER
230414092,902,VIOLATION OF TEMPORARY RESTRAINING ORDER
231519460,902,VIOLATION OF TEMPORARY RESTRAINING ORDER
230904481,902,VIOLATION OF TEMPORARY RESTRAINING ORDER
230410776,902,VIOLATION OF TEMPORARY RESTRAINING ORDER
230126178,902,VIOLATION OF TEMPORARY RESTRAINING ORDER
232112542,902,VIOLATION OF TEMPORARY RESTRAINING ORDER
230916150,902,VIOLATION OF TEMPORARY RESTRAINING ORDER
230708610,902,VIOLATION OF TEMPORARY RESTRAINING ORDER
230318982,902,VIOLATION OF TEMPORARY RESTRAINING ORDER
232106560,902,VIOLATION OF TEMPORARY RESTRAINING ORDER
231008975,902,VIOLATION OF TEMPORARY RESTRAINING ORDER
230506390,902,VIOLATION OF TEMPORARY RESTRAINING ORDER
231614760,902,VIOLATION OF TEMPORARY RESTRAINING ORDER
231611666,902,VIOLATION OF TEMPORARY RESTRAINING ORDER
230908661,902,VIOLATION OF TEMPORARY RESTRAINING ORDER
231715086,902,VIOLATION OF TEMPORARY RESTRAINING ORDER
230204067,902,VIOLATION OF TEMPORARY RESTRAINING ORDER
231517566,902,VIOLATION OF TEMPORARY RESTRAINING ORDER
230412959,902,VIOLATION OF TEMPORARY RESTRAINING ORDER
230125112,902,VIOLATION OF TEMPORARY RESTRAINING ORDER
231908276,902,VIOLATION OF TEMPORARY RESTRAINING ORDER
231111078,902,VIOLATION OF TEMPORARY RESTRAINING ORDER
231517120,902,VIOLATION OF TEMPORARY RESTRAINING ORDER
232007397,902,VIOLATION OF TEMPORARY RESTRAINING ORDER
230413502,902,VIOLATION OF TEMPORARY RESTRAINING ORDER
230911475,902,VIOLATION OF TEMPORARY RESTRAINING ORDER
231516679,902,VIOLATION OF TEMPORARY RESTRAINING ORDER
231814352,902,VIOLATION OF TEMPORARY RESTRAINING ORDER
230512612,902,VIOLATION OF TEMPORARY RESTRAINING ORDER
230317039,902,VIOLATION OF TEMPORARY RESTRAINING ORDER
231708375,902,VIOLATION OF TEMPORARY RESTRAINING ORDER
231705504,902,VIOLATION OF TEMPORARY RESTRAINING ORDER
231705198,902,VIOLATION OF TEMPORARY RESTRAINING ORDER
230209595,902,VIOLATION OF TEMPORARY RESTRAINING ORDER
231812794,902,VIOLATION OF TEMPORARY RESTRAINING ORDER
231316013,902,VIOLATION OF TEMPORARY RESTRAINING ORDER
231014010,902,VIOLATION OF TEMPORARY RESTRAINING ORDER
231014517,902,VIOLATION OF TEMPORARY RESTRAINING ORDER
231014643,902,VIOLATION OF TEMPORARY RESTRAINING ORDER
231612643,902,VIOLATION OF TEMPORARY RESTRAINING ORDER
231014456,902,VIOLATION OF TEMPORARY RESTRAINING ORDER
231905211,902,VIOLATION OF TEMPORARY RESTRAINING ORDER
231010957,902,VIOLATION OF TEMPORARY RESTRAINING ORDER
231604140,902,VIOLATION OF TEMPORARY RESTRAINING ORDER
231316011,902,VIOLATION OF TEMPORARY RESTRAINING ORDER
231224967,902,VIOLATION OF TEMPORARY RESTRAINING ORDER
231017621,902,VIOLATION OF TEMPORARY RESTRAINING ORDER
231311103,902,VIOLATION OF TEMPORARY RESTRAINING ORDER
232111190,902,VIOLATION OF TEMPORARY RESTRAINING ORDER
232111397,902,VIOLATION OF TEMPORARY RESTRAINING ORDER
230215159,902,VIOLATION OF TEMPORARY RESTRAINING ORDER
231012366,902,VIOLATION OF TEMPORARY RESTRAINING ORDER
231014069,902,VIOLATION OF TEMPORARY RESTRAINING ORDER
232111705,902,VIOLATION OF TEMPORARY RESTRAINING ORDER
231006057,902,VIOLATION OF TEMPORARY RESTRAINING ORDER
231517690,902,VIOLATION OF TEMPORARY RESTRAINING ORDER
232112954,902,VIOLATION OF TEMPORARY RESTRAINING ORDER
231807032,902,VIOLATION OF TEMPORARY RESTRAINING ORDER
230507651,902,VIOLATION OF TEMPORARY RESTRAINING ORDER
230405297,902,VIOLATION OF TEMPORARY RESTRAINING ORDER
230410059,902,VIOLATION OF TEMPORARY RESTRAINING ORDER
231810210,902,VIOLATION OF TEMPORARY RESTRAINING ORDER
232011695,902,VIOLATION OF TEMPORARY RESTRAINING ORDER
231612044,902,VIOLATION OF TEMPORARY RESTRAINING ORDER
231605461,902,VIOLATION OF TEMPORARY RESTRAINING ORDER
231812733,902,VIOLATION OF TEMPORARY RESTRAINING ORDER
231000656,902,VIOLATION OF TEMPORARY RESTRAINING ORDER
232112504,902,VIOLATION OF TEMPORARY RESTRAINING ORDER
232004799,902,VIOLATION OF TEMPORARY RESTRAINING ORDER
232116171,902,VIOLATION OF TEMPORARY RESTRAINING ORDER
231109760,902,VIOLATION OF TEMPORARY RESTRAINING ORDER
231716317,902,VIOLATION OF TEMPORARY RESTRAINING ORDER
230612928,902,VIOLATION OF TEMPORARY RESTRAINING ORDER
231016699,902,VIOLATION OF TEMPORARY RESTRAINING ORDER
231607333,902,VIOLATION OF TEMPORARY RESTRAINING ORDER
231806049,902,VIOLATION OF TEMPORARY RESTRAINING ORDER
231704401,902,VIOLATION OF TEMPORARY RESTRAINING ORDER
230321702,902,VIOLATION OF TEMPORARY RESTRAINING ORDER
231111514,902,VIOLATION OF TEMPORARY RESTRAINING ORDER
231804644,902,VIOLATION OF TEMPORARY RESTRAINING ORDER
230314308,902,VIOLATION OF TEMPORARY RESTRAINING ORDER
231006097,902,VIOLATION OF TEMPORARY RESTRAINING ORDER
231314435,902,VIOLATION OF TEMPORARY RESTRAINING ORDER
241604422,902,VIOLATION OF TEMPORARY RESTRAINING ORDER
232113064,902,VIOLATION OF TEMPORARY RESTRAINING ORDER
231015110,902,VIOLATION OF TEMPORARY RESTRAINING ORDER
231609979,902,VIOLATION OF TEMPORARY RESTRAINING ORDER
230405594,902,VIOLATION OF TEMPORARY RESTRAINING ORDER
230405838,902,VIOLATION OF TEMPORARY RESTRAINING ORDER
230314318,902,VIOLATION OF TEMPORARY RESTRAINING ORDER
230204282,902,VIOLATION OF TEMPORARY RESTRAINING ORDER
230410022,902,VIOLATION OF TEMPORARY RESTRAINING ORDER
231913577,902,VIOLATION OF TEMPORARY RESTRAINING ORDER
231609658,902,VIOLATION OF TEMPORARY RESTRAINING ORDER
231015940,902,VIOLATION OF TEMPORARY RESTRAINING ORDER
231316012,902,VIOLATION OF TEMPORARY RESTRAINING ORDER
231607590,902,VIOLATION OF TEMPORARY RESTRAINING ORDER
231605864,902,VIOLATION OF TEMPORARY RESTRAINING ORDER
231516752,902,VIOLATION OF TEMPORARY RESTRAINING ORDER
231514146,902,VIOLATION OF TEMPORARY RESTRAINING ORDER
231225592,902,VIOLATION OF TEMPORARY RESTRAINING ORDER
231517565,902,VIOLATION OF TEMPORARY RESTRAINING ORDER
230222877,902,VIOLATION OF TEMPORARY RESTRAINING ORDER
231011111,902,VIOLATION OF TEMPORARY RESTRAINING ORDER
230912775,902,VIOLATION OF TEMPORARY RESTRAINING ORDER
231314663,902,VIOLATION OF TEMPORARY RESTRAINING ORDER
231605341,902,VIOLATION OF TEMPORARY RESTRAINING ORDER
231701287,902,VIOLATION OF TEMPORARY RESTRAINING ORDER
231904585,902,VIOLATION OF TEMPORARY RESTRAINING ORDER
231611786,902,VIOLATION OF TEMPORARY RESTRAINING ORDER
241904192,902,VIOLATION OF TEMPORARY RESTRAINING ORDER
241905052,902,VIOLATION OF TEMPORARY RESTRAINING ORDER
242109046,902,VIOLATION OF TEMPORARY RESTRAINING ORDER
240205671,902,VIOLATION OF TEMPORARY RESTRAINING ORDER
241509776,902,VIOLATION OF TEMPORARY RESTRAINING ORDER
241608142,902,VIOLATION OF TEMPORARY RESTRAINING ORDER
241908406,902,VIOLATION OF TEMPORARY RESTRAINING ORDER
242104695,902,VIOLATION OF TEMPORARY RESTRAINING ORDER
240309995,902,VIOLATION OF TEMPORARY RESTRAINING ORDER
241404334,902,VIOLATION OF TEMPORARY RESTRAINING ORDER
242108727,902,VIOLATION OF TEMPORARY RESTRAINING ORDER
241508092,902,VIOLATION OF TEMPORARY RESTRAINING ORDER
241606778,902,VIOLATION OF TEMPORARY RESTRAINING ORDER
241607462,902,VIOLATION OF TEMPORARY RESTRAINING ORDER
242004324,902,VIOLATION OF TEMPORARY RESTRAINING ORDER
242107167,902,VIOLATION OF TEMPORARY RESTRAINING ORDER
242007745,902,VIOLATION OF TEMPORARY RESTRAINING ORDER
242004608,902,VIOLATION OF TEMPORARY RESTRAINING ORDER
241905663,902,VIOLATION OF TEMPORARY RESTRAINING ORDER
241508513,902,VIOLATION OF TEMPORARY RESTRAINING ORDER
241605638,902,VIOLATION OF TEMPORARY RESTRAINING ORDER
240905757,902,VIOLATION OF TEMPORARY RESTRAINING ORDER
241506594,902,VIOLATION OF TEMPORARY RESTRAINING ORDER
241807606,902,VIOLATION OF TEMPORARY RESTRAINING ORDER
241106656,902,VIOLATION OF TEMPORARY RESTRAINING ORDER
241608137,902,VIOLATION OF TEMPORARY RESTRAINING ORDER
241305264,902,VIOLATION OF TEMPORARY RESTRAINING ORDER
240307898,902,VIOLATION OF TEMPORARY RESTRAINING ORDER
241105740,902,VIOLATION OF TEMPORARY RESTRAINING ORDER
240606283,902,VIOLATION OF TEMPORARY RESTRAINING ORDER
241906291,902,VIOLATION OF TEMPORARY RESTRAINING ORDER
241606839,902,VIOLATION OF TEMPORARY RESTRAINING ORDER
242106912,902,VIOLATION OF TEMPORARY RESTRAINING ORDER
241807102,902,VIOLATION OF TEMPORARY RESTRAINING ORDER
241905424,902,VIOLATION OF TEMPORARY RESTRAINING ORDER
241908471,902,VIOLATION OF TEMPORARY RESTRAINING ORDER
241904838,902,VIOLATION OF TEMPORARY RESTRAINING ORDER
241508885,902,VIOLATION OF TEMPORARY RESTRAINING ORDER
240806947,902,VIOLATION OF TEMPORARY RESTRAINING ORDER
241805629,902,VIOLATION OF TEMPORARY RESTRAINING ORDER
240104128,902,VIOLATION OF TEMPORARY RESTRAINING ORDER
241608136,902,VIOLATION OF TEMPORARY RESTRAINING ORDER
240704755,902,VIOLATION OF TEMPORARY RESTRAINING ORDER
241506147,902,VIOLATION OF TEMPORARY RESTRAINING ORDER
241006547,902,VIOLATION OF TEMPORARY RESTRAINING ORDER
241805875,902,VIOLATION OF TEMPORARY RESTRAINING ORDER
221905982,901,VIOLATION OF RESTRAINING ORDER
240904134,901,VIOLATION OF RESTRAINING ORDER
222111399,901,VIOLATION OF RESTRAINING ORDER
200514277,901,VIOLATION OF RESTRAINING ORDER
202112082,901,VIOLATION OF RESTRAINING ORDER
200304583,901,VIOLATION OF RESTRAINING ORDER
201908081,901,VIOLATION OF RESTRAINING ORDER
200414791,901,VIOLATION OF RESTRAINING ORDER
201711086,901,VIOLATION OF RESTRAINING ORDER
201916638,901,VIOLATION OF RESTRAINING ORDER
200322320,901,VIOLATION OF RESTRAINING ORDER
201006193,901,VIOLATION OF RESTRAINING ORDER
201909009,901,VIOLATION OF RESTRAINING ORDER
201812021,901,VIOLATION OF RESTRAINING ORDER
201810544,901,VIOLATION OF RESTRAINING ORDER
200308248,901,VIOLATION OF RESTRAINING ORDER
211404170,901,VIOLATION OF RESTRAINING ORDER
200404677,901,VIOLATION OF RESTRAINING ORDER
202106717,901,VIOLATION OF RESTRAINING ORDER
201305831,901,VIOLATION OF RESTRAINING ORDER
200320020,901,VIOLATION OF RESTRAINING ORDER
200319949,901,VIOLATION OF RESTRAINING ORDER
201213840,901,VIOLATION OF RESTRAINING ORDER
202018808,901,VIOLATION OF RESTRAINING ORDER
200204264,901,VIOLATION OF RESTRAINING ORDER
201710702,901,VIOLATION OF RESTRAINING ORDER
200512437,901,VIOLATION OF RESTRAINING ORDER
201913416,901,VIOLATION OF RESTRAINING ORDER
201917995,901,VIOLATION OF RESTRAINING ORDER
201812213,901,VIOLATION OF RESTRAINING ORDER
201806390,901,VIOLATION OF RESTRAINING ORDER
200514316,901,VIOLATION OF RESTRAINING ORDER
211904009,901,VIOLATION OF RESTRAINING ORDER
201808921,901,VIOLATION OF RESTRAINING ORDER
201907729,901,VIOLATION OF RESTRAINING ORDER
201812672,901,VIOLATION OF RESTRAINING ORDER
