DR_NO,AREA,AREA NAME,Rpt Dist No,LOCATION,Cross Street,LAT,LON,,,,,,,,,,,,,,,
201215282,12,77th Street,1218,5700 S HOOVER ST,,33.9901,-118.2871,,,,,,,,,,,,,,,
201715612,17,Devonshire,1761,PRAIRIE ST,OWENSMOUTH AV,34.2391,-118.604,,,,,,,,,,,,,,,
200618146,6,Hollywood,637,BRONSON,HOLLYWOOD,34.1017,-118.318,,,,,,,,,,,,,,,
202017585,20,Olympic,2081,1600 S ST ANDREWS PL,,34.0418,-118.3134,,,,,,,,,,,,,,,
201414285,14,Pacific,1446,WASHINGTON PL,GRAND VIEW BL,34.0008,-118.4276,,,,,,,,,,,,,,,
201509341,15,N Hollywood,1532,6400 WHITSETT AV,,34.1867,-118.4052,,,,,,,,,,,,,,,
201315598,13,Newton,1353,4600 WADSWORTH AV,,34.0013,-118.2591,,,,,,,,,,,,,,,
200308998,3,Southwest,357,1200 EXPOSITION BL,,34.0184,-118.2952,,,,,,,,,,,,,,,
201816124,18,Southeast,1822,200 W 98TH ST,,33.9472,-118.2767,,,,,,,,,,,,,,,
201319061,13,Newton,1307,800 S SAN PEDRO ST,,34.0383,-118.2493,,,,,,,,,,,,,,,
201821407,18,Southeast,1823,9800 S SAN PEDRO ST,,33.9471,-118.2695,,,,,,,,,,,,,,,
201909938,19,Mission,1959,13600 REMINGTON ST,,34.2509,-118.4303,,,,,,,,,,,,,,,
200312552,3,Southwest,341,3600 CARMONA AV,,34.0201,-118.3672,,,,,,,,,,,,,,,
200318167,3,Southwest,395,4300 S WESTERN AV,,34.0052,-118.3089,,,,,,,,,,,,,,,
201209707,12,77th Street,1233,6100 S GRAMERCY PL,,33.9843,-118.3134,,,,,,,,,,,,,,,
201412957,14,Pacific,1412,100 SUNSET AV,,33.9939,-118.4772,,,,,,,,,,,,,,,
200613641,6,Hollywood,646,HOLLYWOOD,WHITLEY,34.1016,-118.3333,,,,,,,,,,,,,,,
200307621,3,Southwest,363,4100 SOMERSET DR,,34.0116,-118.3412,,,,,,,,,,,,,,,
200708839,7,Wilshire,702,500 N STANLEY AV,,34.0802,-118.3564,,,,,,,,,,,,,,,
201225824,12,77th Street,1268,8000 S BROADWAY,,33.9659,-118.2783,,,,,,,,,,,,,,,
201911795,19,Mission,1995,14600 BLYTHE ST,,34.2152,-118.4531,,,,,,,,,,,,,,,998
202008207,20,Olympic,2071,1500 S WILTON PL,,34.0436,-118.3145,,,,,,,,,,,,,,,
201418024,14,Pacific,1412,200 OCEAN FRONT WK,,33.9933,-118.4765,,,,,,,,,,,,,,,
201214665,12,77th Street,1267,8500 S FIGUEROA ST,,33.9608,-118.2827,,,,,,,,,,,,,,,
200514957,5,Harbor,585,700 W 25TH ST,,33.7214,-118.2927,,,,,,,,,,,,,,,
211204014,12,77th Street,1249,70TH ST,HOOVER ST,33.9761,-118.2871,,,,,,,,,,,,,,,
201009370,10,West Valley,1003,GEYSER AV,ELKWOOD ST,34.2129,-118.5425,,,,,,,,,,,,,,,
200111423,1,Central,191,18TH ST,GEORGIA,34.0363,-118.2733,,,,,,,,,,,,,,,
201307616,13,Newton,1371,54TH ST,BROADWAY AV,33.9933,-118.2783,,,,,,,,,,,,,,,
201714209,17,Devonshire,1767,OSO AV,PRAIRIE ST,34.2442,-118.5362,,,,,,,,,,,,,,,
201811487,18,Southeast,1826,99TH ST,COMPTON AV,33.947,-118.2462,,,,,,,,,,,,,,,
201811722,18,Southeast,1822,300 W 102ND ST,,33.9437,-118.2784,,,,,,,,,,,,,,,
200614971,6,Hollywood,648,ST ANDREWS PL,SUNSET BL,34.1,-118.3113,,,,,,,,,,,,,,,
200118991,1,Central,143,5TH ST,BROADWAY,34.0481,-118.2507,,,,,,,,,,,,,,,
201817785,18,Southeast,1806,9000 S CENTRAL AV,,33.9539,-118.2564,,,,,,,,,,,,,,,
200320094,3,Southwest,398,VERNON AV,FIGUEROA ST,34.0038,-118.2827,,,,,,,,,,,,,,,
201819549,18,Southeast,1802,200 W 90TH ST,,33.9546,-118.2763,,,,,,,,,,,,,,,
201311731,13,Newton,1351,4000 BROADWAY PL,,34.0106,-118.2777,,,,,,,,,,,,,,,
201320916,13,Newton,1327,COMPTON AV,ADAMS BL,34.0172,-118.2442,,,,,,,,,,,,,,,
200310593,3,Southwest,331,ADAMS BL,LONGWOOD AV,34.0325,-118.3492,,,,,,,,,,,,,,,
200908938,9,Van Nuys,974,4600 KESTER AV,,34.1546,-118.4574,,,,,,,,,,,,,,,
202012538,20,Olympic,2019,BEVERLY,VIRGIL,34.0748,-118.2868,,,,,,,,,,,,,,,
201406559,14,Pacific,1424,11700 NATIONAL BL,,34.0227,-118.4387,,,,,,,,,,,,,,,
201515700,15,N Hollywood,1557,VINELAND,HESBY,34.162,-118.3703,,,,,,,,,,,,,,,
201806995,18,Southeast,1827,9900 GRAHAM AV,,33.9465,-118.243,,,,,,,,,,,,,,,
201420156,14,Pacific,1457,4700 CAMPBELL DR,,33.9901,-118.4183,,,,,,,,,,,,,,,
201226482,12,77th Street,1283,10300 S WESTERN AV,,33.9418,-118.309,,,,,,,,,,,,,,,
201116185,11,Northeast,1172,1600 GLENDALE BL,,34.0882,-118.2646,,,,,,,,,,,,,,,
202010970,20,Olympic,2034,W 8TH ST,IROLO,34.0577,-118.3009,,,,,,,,,,,,,,,
200410143,4,Hollenbeck,423,1900 SICHEL ST,,34.066,-118.2129,,,,,,,,,,,,,,,
201218464,12,77th Street,1215,1100 W 58TH ST,,33.9897,-118.2938,,,,,,,,,,,,,,,
200814286,8,West LA,803,MANDEVILLE CANYON,KIMBERLY LN,34.0681,-118.4942,,,,,,,,,,,,,,,
200604228,6,Hollywood,646,6500 HOLLYWOOD BL,,34.1016,-118.331,,,,,,,,,,,,,,,
200100528,1,Central,112,FIGUEROA,TEMPLE,34.0606,-118.2477,,,,,,,,,,,,,,,
200610707,6,Hollywood,679,SANTA MONICA BL,SAINT ANDREWS PL,34.0886,-118.3027,,,,,,,,,,,,,,,
200315717,3,Southwest,313,4200 W ADAMS BL,,34.0326,-118.3319,,,,,,,,,,,,,,,
200708243,7,Wilshire,723,7900 BEVERLY BL,,34.0761,-118.3614,,,,,,,,,,,,,,,
200610221,6,Hollywood,643,7200 W HOLLYWOOD BL,,34.1016,-118.3471,,,,,,,,,,,,,,,
201820284,18,Southeast,1841,111TH ST,VERMONT AV,33.9346,-118.2916,,,,,,,,,,,,,,,
201113033,11,Northeast,1136,4000 EAGLE ROCK BL,,34.12,-118.2288,,,,,,,,,,,,,,,
200618841,6,Hollywood,645,HIGHLAND,HOLLYWOOD,34.1016,-118.3387,,,,,,,,,,,,,,,
200713873,7,Wilshire,784,21ST ST,ORANGE DR,34.0389,-118.3505,,,,,,,,,,,,,,,
201909405,19,Mission,1983,8400 SEPULVEDA BL,,34.2231,-118.4677,,,,,,,,,,,,,,,
200515177,5,Harbor,525,500 N AVALON BL,,33.7739,-118.2678,,,,,,,,,,,,,,,
201105807,11,Northeast,1107,6900 N FIGUEROA ST,,34.1278,-118.1929,,,,,,,,,,,,,,,
200615676,6,Hollywood,656,ELEANOR AV,EL CENTRO,34.0898,-118.3244,,,,,,,,,,,,,,,
201204524,12,77th Street,1203,5100 S WESTERN AV,,33.9969,-118.3089,,,,,,,,,,,,,,,
201915764,19,Mission,1964,9300 KESTER AV,,34.2391,-118.4562,,,,,,,,,,,,,,,
200215426,2,Rampart,257,1200 WILSHIRE BL,,34.053,-118.2649,,,,,,,,,,,,,,,
200914943,9,Van Nuys,926,13700 VICTORY BL,,34.1903,-118.4399,,,,,,,,,,,,,,,
200213521,2,Rampart,246,500 S WESTLAKE AV,,34.0599,-118.2731,,,,,,,,,,,,,,,
201512578,15,N Hollywood,1526,LANKERSHIM BL,ERWIN ST,34.183,-118.3856,,,,,,,,,,,,,,,
201821314,18,Southeast,1822,CENTURY,OLIVE,33.9456,-118.2792,,,,,,,,,,,,,,,
201314491,13,Newton,1343,600 E MARTIN LUTHER KING JR BL,,34.0111,-118.2653,,,,,,,,,,,,,,,
201807438,18,Southeast,1831,500 W 127TH ST,,33.9176,-118.2828,,,,,,,,,,,,,,,
201819953,18,Southeast,1863,400 E IMPERIAL HY,,33.9311,-118.2665,,,,,,,,,,,,,,,
200100578,1,Central,163,7TH ST,BROADWAY,34.0456,-118.254,,,,,,,,,,,,,,,
202005550,20,Olympic,2044,900 S NORMANDIE AV,,34.0561,-118.302,,,,,,,,,,,,,,,
201204457,12,77th Street,1218,58TH ST,FIGUEROA ST,33.9897,-118.2827,,,,,,,,,,,,,,,
202110740,21,Topanga,2125,7800 TOPANGA CANYON BL,,34.2123,-118.606,,,,,,,,,,,,,,,
201320726,13,Newton,1333,1000 E 33RD ST,,34.0138,-118.2577,,,,,,,,,,,,,,,
201611836,16,Foothill,1684,11900 ROSCOE BL,,34.2216,-118.3925,,,,,,,,,,,,,,,
201810045,18,Southeast,1839,2100 E 107TH ST,,33.9389,-118.2336,,,,,,,,,,,,,,,
200212207,2,Rampart,285,12TH ST,BONNIE BRAE,34.0477,-118.2794,,,,,,,,,,,,,,,
201218005,12,77th Street,1207,900 W 50TH ST,,33.9979,-118.2884,,,,,,,,,,,,,,,
201321167,13,Newton,1307,TOWNE AV,7TH ST,34.0395,-118.2451,,,,,,,,,,,,,,,
200912618,9,Van Nuys,981,VENTURA BL,SEPULVEDA,34.1538,-118.4662,,,,,,,,,,,,,,,
200111334,1,Central,111,COLLEGE,HILL,34.0644,-118.2387,,,,,,,,,,,,,,,
201225069,12,77th Street,1215,VERMONT AV,54TH ST,33.9932,-118.2915,,,,,,,,,,,,,,,
200610885,6,Hollywood,657,SANTA MONICA,VAN NESS,34.0908,-118.3157,,,,,,,,,,,,,,,
201316231,13,Newton,1383,5900 S BROADWAY,,33.9867,-118.2783,,,,,,,,,,,,,,,
200517240,5,Harbor,529,AVALON,ANAHEIM,33.78,-118.2624,,,,,,,,,,,,,,,
201209720,12,77th Street,1239,59TH ST,BONSALLO AV,33.9874,-118.2859,,,,,,,,,,,,,,,
201817526,18,Southeast,1844,E 109TH ST,AVALON BL,33.9373,-118.2652,,,,,,,,,,,,,,,
201214708,12,77th Street,1265,1100 W 80TH ST,,33.9665,-118.2945,,,,,,,,,,,,,,,
202108172,21,Topanga,2137,21000 SHERMAN WY,,34.2047,-118.5879,,,,,,,,,,,,,,,
200215587,2,Rampart,237,200 COLUMBIA PL,,34.0603,-118.263,,,,,,,,,,,,,,,
201212388,12,77th Street,1253,7700 S HARVARD BL,,33.97,-118.3068,,,,,,,,,,,,,,,
201513074,15,N Hollywood,1506,SHERMAN WY,TUJUNGA,34.2012,-118.379,,,,,,,,,,,,,,,
201713682,17,Devonshire,1793,TAMPA,PARTHENIA,34.2282,-118.5535,,,,,,,,,,,,,,,
201015533,10,West Valley,1037,LOUISE,VANOWEN,34.1939,-118.5098,,,,,,,,,,,,,,,
211806777,18,Southeast,1841,11000 S FIGUEROA ST,,33.9367,-118.2871,,,,,,,,,,,,,,,
202107618,21,Topanga,2128,20200 ELKWOOD ST,,34.2124,-118.5735,,,,,,,,,,,,,,,
201808239,18,Southeast,1841,700 W 104TH PL,,33.9416,-118.2869,,,,,,,,,,,,,,,
200105126,1,Central,176,8TH,SAN PEDRO,34.0385,-118.2491,,,,,,,,,,,,,,,
201214763,12,77th Street,1248,70TH ST,VERMONT AV,33.9763,-118.2915,,,,,,,,,,,,,,,
201219570,12,77th Street,1265,1400 W 80TH ST,,33.9664,-118.3025,,,,,,,,,,,,,,,
200309318,3,Southwest,356,1700 W JEFFERSON BL,,34.0256,-118.3061,,,,,,,,,,,,,,,
201912862,19,Mission,1902,FOOTHILL,TYLER,34.3183,-118.4442,,,,,,,,,,,,,,,
201907944,19,Mission,1944,10900 LAUREL CANYON BL,,34.2689,-118.4429,,,,,,,,,,,,,,,
201220616,12,77th Street,1243,1800 W 70TH ST,,33.9762,-118.3095,,,,,,,,,,,,,,,
200612937,6,Hollywood,642,7800 W SUNSET BL,,34.0981,-118.3599,,,,,,,,,,,,,,,
201200716,12,77th Street,1219,400 W 52ND PL,,33.9951,-118.2807,,,,,,,,,,,,,,,
201005429,10,West Valley,1008,BALBOA,ROSCOE,34.2212,-118.5012,,,,,,,,,,,,,,,
200206554,2,Rampart,275,WESTLAKE,OLYMPIC,34.0512,-118.2787,,,,,,,,,,,,,,,
200908695,9,Van Nuys,941,5700 SEPULVEDA BL,,34.174,-118.4662,,,,,,,,,,,,,,,
201110760,11,Northeast,1162,4600 W SUNSET BL,,34.0982,-118.2898,,,,,,,,,,,,,,,
200516278,5,Harbor,563,600 W 12TH ST,,33.7333,-118.2906,,,,,,,,,,,,,,,
201312469,13,Newton,1307,7TH,CROCKER,34.0401,-118.2459,,,,,,,,,,,,,,,
201304976,13,Newton,1367,1500 E 53RD ST,,33.9993,-118.2432,,,,,,,,,,,,,,,
201419785,14,Pacific,1443,1400 VENICE BL,,33.9958,-118.4492,,,,,,,,,,,,,,,
200713112,7,Wilshire,722,3RD ST,LA CIENEGA BL,34.0734,-118.3765,,,,,,,,,,,,,,,
201818181,18,Southeast,1842,100 W 111TH ST,,33.9348,-118.2744,,,,,,,,,,,,,,,
200315929,3,Southwest,321,5600 W JEFFERSON BL,,34.0258,-118.3668,,,,,,,,,,,,,,,
200510690,5,Harbor,514,1000 W OPP ST,,33.7822,-118.2751,,,,,,,,,,,,,,,
201306346,13,Newton,1342,3500 MAPLE AV,,34.0164,-118.2699,,,,,,,,,,,,,,,
201807244,18,Southeast,1802,FIGUEROA ST,91ST ST,33.9543,-118.2827,,,,,,,,,,,,,,,
200404603,4,Hollenbeck,424,3500 VALLEY BL,,34.07,-118.1998,,,,,,,,,,,,,,,
202013205,20,Olympic,2033,7TH,HOBART,34.0597,-118.3053,,,,,,,,,,,,,,,
201707034,17,Devonshire,1718,11200 WHITMAN AV,,34.2734,-118.4779,,,,,,,,,,,,,,,
201818709,18,Southeast,1849,MONA BL,112TH ST,33.9334,-118.2304,,,,,,,,,,,,,,,
202000747,20,Olympic,2029,300 S VIRGIL AV,,34.0686,-118.2868,,,,,,,,,,,,,,,
200815102,8,West LA,828,900 HILGARD AV,,34.062,-118.4415,,,,,,,,,,,,,,,
202013972,20,Olympic,2063,WESTERN AV,PICO BL,34.0472,-118.309,,,,,,,,,,,,,,,
200107531,1,Central,135,4TH,MAIN,34.0481,-118.2472,,,,,,,,,,,,,,,
200513998,5,Harbor,584,1300 W 35TH ST,,33.717,-118.3056,,,,,,,,,,,,,,,
201226637,12,77th Street,1209,FLOWER ST,47TH ST,34.001,-118.2815,,,,,,,,,,,,,,,
200117422,1,Central,157,500 STANFORD AV,,34.0416,-118.244,,,,,,,,,,,,,,,
200315259,3,Southwest,326,27TH ST,HALLDALE AV,34.0309,-118.3028,,,,,,,,,,,,,,,
200511783,5,Harbor,517,400 E M ST,,33.7891,-118.2586,,,,,,,,,,,,,,,
201711324,17,Devonshire,1737,11300 MCLENNAN AV,,34.2756,-118.5011,,,,,,,,,,,,,,,
202107253,21,Topanga,2183,23100 GAINFORD ST,,34.1602,-118.6299,,,,,,,,,,,,,,,
200906470,9,Van Nuys,909,7400 WOODMAN AV,,34.2049,-118.4313,,,,,,,,,,,,,,,
200415116,4,Hollenbeck,451,MYERS,KEARNEY ST,34.0526,-118.2278,,,,,,,,,,,,,,,
200114129,1,Central,161,7TH,FRANCISCO,34.0499,-118.2615,,,,,,,,,,,,,,,
200408081,4,Hollenbeck,427,2500 N SOTO ST,,34.0802,-118.1848,,,,,,,,,,,,,,,
200515518,5,Harbor,514,1000 N WILMINGTON BL,,33.7897,-118.2787,,,,,,,,,,,,,,,
201405999,14,Pacific,1412,PALOMA,OCEAN FRONT WK,33.9936,-118.4788,,,,,,,,,,,,,,,
201600886,16,Foothill,1657,10100 FERNGLEN AV,,34.2523,-118.2943,,,,,,,,,,,,,,,
201213371,12,77th Street,1259,FLORENCE AV,TOWNE AV,33.9747,-118.2674,,,,,,,,,,,,,,,
200306895,3,Southwest,375,2000 W MARTIN LUTHER KING JR BL,,34.0146,-118.313,,,,,,,,,,,,,,,
201504847,15,N Hollywood,1519,10900 VICTORY BL,,34.1909,-118.3654,,,,,,,,,,,,,,,
200816895,8,West LA,848,2100 CENTURY PARK LN,,34.0562,-118.4114,,,,,,,,,,,,,,,
200212999,2,Rampart,245,500 S PARK VIEW ST,,34.0627,-118.2774,,,,,,,,,,,,,,,
200705967,7,Wilshire,782,VENICE,CADILLAC,34.0375,-118.3742,,,,,,,,,,,,,,,
200214051,2,Rampart,246,6TH,BURLINGTON,34.0598,-118.2734,,,,,,,,,,,,,,,
200322130,3,Southwest,395,WESTERN AV,VERNON AV,34.0037,-118.3089,,,,,,,,,,,,,,,
201215923,12,77th Street,1253,7600 S DENKER AV,,33.9709,-118.3112,,,,,,,,,,,,,,,
201108938,11,Northeast,1118,N AVENUE 56,ASH ST,34.114,-118.1949,,,,,,,,,,,,,,,
200407077,4,Hollenbeck,497,OLYMPIC BL,SPENCE ST,34.0188,-118.2028,,,,,,,,,,,,,,,
200618611,6,Hollywood,668,5600 FERNWOOD AV,,34.0958,-118.311,,,,,,,,,,,,,,,
200609528,6,Hollywood,656,HUDSON AV,ROMAINE ST,34.0889,-118.3321,,,,,,,,,,,,,,,
200415360,4,Hollenbeck,451,MISSION RD,1ST,34.0479,-118.2277,,,,,,,,,,,,,,,
200214938,2,Rampart,279,1300 W OLYMPIC BL,,34.0473,-118.2701,,,,,,,,,,,,,,,
200410078,4,Hollenbeck,427,4700 GREY DR,,34.0831,-118.1825,,,,,,,,,,,,,,,
200513063,5,Harbor,589,3600 S PACIFIC AV,,33.7112,-118.2879,,,,,,,,,,,,,,,
201320854,13,Newton,1322,ADAMS BL,SAN PEDRO,34.0218,-118.2617,,,,,,,,,,,,,,,
201310767,13,Newton,1394,67TH ST,MAIN ST,33.9788,-118.2739,,,,,,,,,,,,,,,
201906703,19,Mission,1984,KESTER,PARTHENIA,34.2281,-118.4575,,,,,,,,,,,,,,,
200412072,4,Hollenbeck,429,3100 SHEFFIELD AV,,34.0811,-118.1614,,,,,,,,,,,,,,,
201315222,13,Newton,1391,71ST ST,GRAND AV,33.9756,-118.2789,,,,,,,,,,,,,,,
201811387,18,Southeast,1842,200 W IMPERIAL HY,,33.9347,-118.2761,,,,,,,,,,,,,,,
201607773,16,Foothill,1639,10300 SILVERTON AV,,34.2559,-118.284,,,,,,,,,,,,,,,
201219444,12,77th Street,1253,N 76TH ST,CIMARRON ST,33.9709,-118.3156,,,,,,,,,,,,,,,
201814948,18,Southeast,1801,500 W 87TH ST,,33.9587,-118.2833,,,,,,,,,,,,,,,
200707683,7,Wilshire,745,5300 W OLYMPIC BL,,34.0572,-118.3459,,,,,,,,,,,,,,,
201316640,13,Newton,1373,700 E 55TH ST,,33.9925,-118.2629,,,,,,,,,,,,,,,
200315152,3,Southwest,334,3000 S NORTON AV,,34.0267,-118.3327,,,,,,,,,,,,,,,
201110471,11,Northeast,1183,LOGAN,SUNSET,34.0784,-118.2577,,,,,,,,,,,,,,,
200514901,5,Harbor,515,1400 BAY VIEW AV,,33.7908,-118.2708,,,,,,,,,,,,,,,
200204801,2,Rampart,245,7TH ST,ALVARADO,34.0565,-118.2768,,,,,,,,,,,,,,,
202009433,20,Olympic,2021,4600 W 3RD ST,,34.069,-118.3154,,,,,,,,,,,,,,,
201911468,19,Mission,1918,FERNMONT,COMETA,34.3008,-118.4273,,,,,,,,,,,,,,,
201217837,12,77th Street,1204,49TH ST,DENKER AV,34.0017,-118.2979,,,,,,,,,,,,,,,
202010611,20,Olympic,2093,2000 S HOBART BL,,34.0392,-118.3062,,,,,,,,,,,,,,,
200300709,3,Southwest,361,5000 OBAMA BL,,34.0171,-118.3531,,,,,,,,,,,,,,,
200812375,8,West LA,835,SEPULVEDA,SANTA MONICA,34.0474,-118.4443,,,,,,,,,,,,,,,
202018624,20,Olympic,2055,1000 S KENMORE AV,,34.0509,-118.2968,,,,,,,,,,,,,,,
201904495,19,Mission,1983,SEPULVEDA,CHASE,34.2247,-118.4677,,,,,,,,,,,,,,,
201218262,12,77th Street,1203,54TH ST,RUTHELEN ST,33.9994,-118.3108,,,,,,,,,,,,,,,
200605766,6,Hollywood,646,HOLLYWOOD,WHITLEY,34.1016,-118.3333,,,,,,,,,,,,,,,
201818180,18,Southeast,1842,100 W 111TH ST,,33.9348,-118.2744,,,,,,,,,,,,,,,
200407011,4,Hollenbeck,438,LOMBARDY,ALHAMBRA,34.0742,-118.1731,,,,,,,,,,,,,,,
201911003,19,Mission,1988,CANTERBURY,RANGOON,34.2295,-118.4244,,,,,,,,,,,,,,,
200309767,3,Southwest,374,W MARTIN LUTHER KING JR BL,S ROXTON AV,34.0108,-118.3214,,,,,,,,,,,,,,,
200304743,3,Southwest,363,SANTA ROSALIA DR,HILLCREST DR,34.0138,-118.3465,,,,,,,,,,,,,,,
201007045,10,West Valley,1049,WOODLEY,VICTORY,34.1867,-118.4836,,,,,,,,,,,,,,,
200905590,9,Van Nuys,911,7100 SEPULVEDA BL,,34.1938,-118.4702,,,,,,,,,,,,,,,
201912322,19,Mission,1998,14100 BURTON ST,,34.2206,-118.4408,,,,,,,,,,,,,,,
201317136,13,Newton,1341,3400 S HILL ST,,34.0193,-118.2751,,,,,,,,,,,,,,,
200312726,3,Southwest,361,4000 NICOLET AV,,34.0171,-118.3531,,,,,,,,,,,,,,,
200917606,9,Van Nuys,929,6500 FULTON AV,,34.1887,-118.4225,,,,,,,,,,,,,,,
200320058,3,Southwest,314,2300 W 24TH ST,,34.0349,-118.3182,,,,,,,,,,,,,,,
200204871,2,Rampart,235,2100 W TEMPLE ST,,34.0703,-118.268,,,,,,,,,,,,,,,
200708332,7,Wilshire,753,WASHINGTON BL,3RD AV,34.0537,-118.3619,,,,,,,,,,,,,,,
201200705,12,77th Street,1205,1000 W 52ND ST,,33.9974,-118.2982,,,,,,,,,,,,,,,
200618923,6,Hollywood,648,WESTERN,SUNSET,34.0981,-118.3092,,,,,,,,,,,,,,,
201805474,18,Southeast,1821,600 W 99TH ST,,33.9464,-118.2848,,,,,,,,,,,,,,,
201817599,18,Southeast,1802,9200 S FIGUEROA ST,,33.9524,-118.2827,,,,,,,,,,,,,,,
201214847,12,77th Street,1249,6200 S FIGUEROA ST,,33.983,-118.2827,,,,,,,,,,,,,,,
201600883,16,Foothill,1695,KESWICK ST,RIVERTON AV,34.2103,-118.366,,,,,,,,,,,,,,,
201309725,13,Newton,1313,16TH ST,MAPLE AV,34.0313,-118.2584,,,,,,,,,,,,,,,
200615862,6,Hollywood,646,1500 VINE ST,,34.0987,-118.3337,,,,,,,,,,,,,,,
200216176,2,Rampart,235,BEVERLY,LAKE,34.0671,-118.2714,,,,,,,,,,,,,,,
201613144,16,Foothill,1611,BRADLEY AV,DEL SUR ST,34.2786,-118.4285,,,,,,,,,,,,,,,
200517960,5,Harbor,563,700 W 17TH ST,,33.7288,-118.2929,,,,,,,,,,,,,,,
200914112,9,Van Nuys,941,BURBANK,VAN NUYS,34.1721,-118.4487,,,,,,,,,,,,,,,
201009228,10,West Valley,1005,7700 HESPERIA AV,,34.2105,-118.5263,,,,,,,,,,,,,,,
201513788,15,N Hollywood,1522,SHERMAN WY,ETHEL,34.2012,-118.4181,,,,,,,,,,,,,,,
201207243,12,77th Street,1273,MANCHESTER AV,NORMANDIE AV,33.96,-118.3003,,,,,,,,,,,,,,,
201413193,14,Pacific,1431,2000 PACIFIC AV,,33.9856,-118.4705,,,,,,,,,,,,,,,
201821290,18,Southeast,1837,GRAHAM,105TH ST,33.9407,-118.2427,,,,,,,,,,,,,,,
201201021,12,77th Street,1266,900 W 81ST ST,,33.9655,-118.2889,,,,,,,,,,,,,,,
200400670,4,Hollenbeck,456,2500 WABASH AV,,34.052,-118.2014,,,,,,,,,,,,,,,
200215563,2,Rampart,201,HELIOTROPE,MELROSE,34.0836,-118.2949,,,,,,,,,,,,,,,
201512102,15,N Hollywood,1532,6500 RHODES AV,,34.1885,-118.4031,,,,,,,,,,,,,,,
201609968,16,Foothill,1617,11100 ORO VISTA AV,,34.2724,-118.3243,,,,,,,,,,,,,,,
200617033,6,Hollywood,666,SUNSET,WILCOX,34.098,-118.331,,,,,,,,,,,,,,,
201814365,18,Southeast,1822,S BROADWAY,W 97TH ST,33.9483,-118.2781,,,,,,,,,,,,,,,
200110823,1,Central,156,500 SAN JULIAN ST,,34.0446,-118.245,,,,,,,,,,,,,,,
201219615,12,77th Street,1269,300 E 84TH PL,,33.9619,-118.2673,,,,,,,,,,,,,,,
200515412,5,Harbor,513,254TH ST,NORMANDIE AV,33.7938,-118.2975,,,,,,,,,,,,,,,
200706974,7,Wilshire,722,3RD,ORLANDO,34.073,-118.3731,,,,,,,,,,,,,,,
200308372,3,Southwest,351,5000 EXPOSITION BL,,34.0247,-118.352,,,,,,,,,,,,,,,
201800746,18,Southeast,1827,9800 ANZAC AV,,33.9465,-118.2379,,,,,,,,,,,,,,,
200504215,5,Harbor,514,FIGUEROA,PACIFIC COAST HY,33.7905,-118.2811,,,,,,,,,,,,,,,
201211990,12,77th Street,1207,900 W 52ND ST,,33.9995,-118.2893,,,,,,,,,,,,,,,
201004973,10,West Valley,1007,7600 OAK PARK AV,,34.2084,-118.5044,,,,,,,,,,,,,,,
202015507,20,Olympic,2099,HOOVER,20TH,34.0381,-118.284,,,,,,,,,,,,,,,
200408716,4,Hollenbeck,497,3300 E OLYMPIC BL,,34.0191,-118.2081,,,,,,,,,,,,,,,
200309754,3,Southwest,361,5000 OBAMA BL,,34.0171,-118.3531,,,,,,,,,,,,,,,
201822605,18,Southeast,1827,9300 GRAHAM AV,,33.9515,-118.243,,,,,,,,,,,,,,,
200304306,3,Southwest,356,1500 EXPOSITION BL,,34.0219,-118.3045,,,,,,,,,,,,,,,
201418918,14,Pacific,1412,PARK AV,SPEEDWAY,33.9916,-118.477,,,,,,,,,,,,,,,
200615792,6,Hollywood,645,1600 N LA BREA AV,,34.0998,-118.3447,,,,,,,,,,,,,,,
200310013,3,Southwest,396,800 W 41ST ST,,34.0092,-118.2872,,,,,,,,,,,,,,,
200413507,4,Hollenbeck,461,1500 E 1ST ST,,34.0474,-118.2237,,,,,,,,,,,,,,,
201200543,12,77th Street,1241,6000 11TH AV,,33.9854,-118.3294,,,,,,,,,,,,,,,
201818096,18,Southeast,1801,88TH ST,ORCHARD ST,33.958,-118.2882,,,,,,,,,,,,,,,
201215670,12,77th Street,1213,5700 S WESTERN AV,,33.991,-118.3089,,,,,,,,,,,,,,,
200712834,7,Wilshire,769,4TH AV,15TH ST,34.0454,-118.3213,,,,,,,,,,,,,,,
200105642,1,Central,111,400 N HILL ST,,34.0576,-118.2427,,,,,,,,,,,,,,,
200312361,3,Southwest,314,3800 W MONT CLAIR ST,,34.0328,-118.323,,,,,,,,,,,,,,,
200512850,5,Harbor,509,1600 W LOMITA BL,,33.7978,-118.3048,,,,,,,,,,,,,,,
201217530,12,77th Street,1204,BUDLONG,47TH ST,34.0006,-118.2959,,,,,,,,,,,,,,,
201906350,19,Mission,1979,BARTEE,WENTWORTH,34.2364,-118.4177,,,,,,,,,,,,,,,
202110701,21,Topanga,2114,7900 SHOUP AV,,34.2137,-118.6147,,,,,,,,,,,,,,,
200313113,3,Southwest,393,43RD ST,LEIMERT BL,34.006,-118.3305,,,,,,,,,,,,,,,
201200795,12,77th Street,1256,7400 S HOOVER ST,,33.9722,-118.2871,,,,,,,,,,,,,,,
201813052,18,Southeast,1844,TOWNE AV,AVALON BL,33.9345,-118.2623,,,,,,,,,,,,,,,
201819169,18,Southeast,1844,IMPERIAL,AVALON,33.931,-118.2652,,,,,,,,,,,,,,,
201311651,13,Newton,1333,SAN PEDRO ST,28TH ST,34.0198,-118.2624,,,,,,,,,,,,,,,
201911362,19,Mission,1982,8700 PARTHENIA PL,,34.229,-118.4654,,,,,,,,,,,,,,,
201218804,12,77th Street,1266,900 W 81ST ST,,33.9655,-118.2889,,,,,,,,,,,,,,,
200121976,1,Central,156,5TH ST,SAN JULIAN,34.0446,-118.245,,,,,,,,,,,,,,,
202011440,20,Olympic,2063,HOBART BL,PICO BL,34.0472,-118.3052,,,,,,,,,,,,,,,
200618287,6,Hollywood,666,6300 W SUNSET BL,,34.098,-118.3273,,,,,,,,,,,,,,,
201417306,14,Pacific,1469,5200 W CENTINELA AV,,33.9773,-118.3702,,,,,,,,,,,,,,,
201300702,13,Newton,1333,900 E 33RD ST,,34.0139,-118.259,,,,,,,,,,,,,,,
201313370,13,Newton,1362,5100 S MAIN ST,,33.9956,-118.274,,,,,,,,,,,,,,,
200114767,1,Central,195,16TH,SANTEE,34.0327,-118.261,,,,,,,,,,,,,,,
200112960,1,Central,148,5TH,SAN PEDRO,34.0442,-118.2439,,,,,,,,,,,,,,,
201223785,12,77th Street,1249,67TH ST,FLOWER ST,33.979,-118.2814,,,,,,,,,,,,,,,
200204337,2,Rampart,246,WILSHIRE BL,WESTLAKE,34.0574,-118.2747,,,,,,,,,,,,,,,
201218509,12,77th Street,1241,3600 W 64TH ST,,33.9818,-118.3359,,,,,,,,,,,,,,,
201809799,18,Southeast,1823,10200 AVALON BL,,33.947,-118.2684,,,,,,,,,,,,,,,
200508697,5,Harbor,522,800 RONAN AV,,33.7795,-118.2723,,,,,,,,,,,,,,,
201321613,13,Newton,1373,700 E 53RD ST,,33.9941,-118.2629,,,,,,,,,,,,,,,
201909667,19,Mission,1984,8400 CEDROS AV,,34.2265,-118.4565,,,,,,,,,,,,,,,
201221063,12,77th Street,1209,4400 S FIGUEROA ST,,34.0032,-118.2827,,,,,,,,,,,,,,,
201200599,12,77th Street,1268,100 E 82ND ST,,33.9654,-118.2739,,,,,,,,,,,,,,,
200909339,9,Van Nuys,926,13800 KITTRIDGE ST,,34.1903,-118.4334,,,,,,,,,,,,,,,
202010693,20,Olympic,2055,PICO,NORMANDIE AV,34.0472,-118.3,,,,,,,,,,,,,,,
200319665,3,Southwest,325,2700 S VERMONT AV,,34.0302,-118.2915,,,,,,,,,,,,,,,
201012161,10,West Valley,1033,6500 RESEDA BL,,34.1847,-118.5441,,,,,,,,,,,,,,,
201317899,13,Newton,1313,800 E 20TH ST,,34.0263,-118.2571,,,,,,,,,,,,,,,
201314074,13,Newton,1373,56TH ST,CENTRAL AV,33.9916,-118.2564,,,,,,,,,,,,,,,
202015532,20,Olympic,2058,900 ARAPAHOE ST,,34.0524,-118.2854,,,,,,,,,,,,,,,
200411735,4,Hollenbeck,464,2300 E 1ST ST,,34.0441,-118.2105,,,,,,,,,,,,,,,
200905494,9,Van Nuys,906,14400 VALERIO ST,,34.2048,-118.4468,,,,,,,,,,,,,,,
201214732,12,77th Street,1256,7200 S FIGUEROA ST,,33.9747,-118.2827,,,,,,,,,,,,,,,
201815030,18,Southeast,1822,CENTURY,BROADWAY,33.9456,-118.2784,,,,,,,,,,,,,,,
200211802,2,Rampart,275,900 S BONNIE BRAE ST,,34.0511,-118.2774,,,,,,,,,,,,,,,
201819006,18,Southeast,1831,12100 AINSWORTH ST,,33.9224,-118.2901,,,,,,,,,,,,,,,
201615147,16,Foothill,1622,HADDON,LAUREL CANYON BL,34.2694,-118.4315,,,,,,,,,,,,,,,
201912800,19,Mission,1958,9500 DORRINGTON AV,,34.2462,-118.4464,,,,,,,,,,,,,,,
201411996,14,Pacific,1472,00 63RD AV,,33.9615,-118.4533,,,,,,,,,,,,,,,
202018315,20,Olympic,2033,S WESTERN AV,7TH ST,34.0597,-118.3091,,,,,,,,,,,,,,,
202012600,20,Olympic,2097,22ND BL,BUDLONG AV,34.0385,-118.2959,,,,,,,,,,,,,,,
201813929,18,Southeast,1871,700 W 139TH ST,,33.9054,-118.2872,,,,,,,,,,,,,,,
201217333,12,77th Street,1249,FIGUEROA,GAGE,33.9824,-118.2827,,,,,,,,,,,,,,,
201200858,12,77th Street,1268,85TH ST,WALL ST,33.961,-118.2717,,,,,,,,,,,,,,,
200907991,9,Van Nuys,919,13400 VANOWEN ST,,34.1939,-118.4243,,,,,,,,,,,,,,,
201307292,13,Newton,1363,MCKINLEY,51ST ST,33.9966,-118.2608,,,,,,,,,,,,,,,
200510372,5,Harbor,565,9TH ST,GAFFEY ST,33.7361,-118.2923,,,,,,,,,,,,,,,
201320793,13,Newton,1352,200 E 46TH ST,,34.002,-118.2718,,,,,,,,,,,,,,,
201314677,13,Newton,1331,BROADWAY,JEFFERSON,34.0192,-118.2738,,,,,,,,,,,,,,,
201416124,14,Pacific,1466,6500 S SEPULVEDA BL,,33.975,-118.4002,,,,,,,,,,,,,,,
200119711,1,Central,163,700 S SPRING ST,,34.0438,-118.2547,,,,,,,,,,,,,,,
201009571,10,West Valley,1008,HAYVENHURST AV,VANOWEN ST,34.1939,-118.4924,,,,,,,,,,,,,,,
202014168,20,Olympic,2036,3100 W 7TH ST,,34.0598,-118.2916,,,,,,,,,,,,,,,
201612478,16,Foothill,1687,8300 SAN FERNANDO RD,,34.2209,-118.3716,,,,,,,,,,,,,,,
200111380,1,Central,119,800 N ALAMEDA ST,,34.0561,-118.2375,,,,,,,,,,,,,,,
202012220,20,Olympic,2056,900 DEWEY AV,,34.0527,-118.2958,,,,,,,,,,,,,,,
201505250,15,N Hollywood,1535,11400 TIARA ST,,34.1785,-118.379,,,,,,,,,,,,,,,
201100532,11,Northeast,1124,3300 DREW ST,,34.1199,-118.2431,,,,,,,,,,,,,,,
201913094,19,Mission,1982,15100 PARTHENIA ST,,34.2283,-118.4636,,,,,,,,,,,,,,,
200513340,5,Harbor,504,1600 W 204TH ST,,33.8457,-118.3092,,,,,,,,,,,,,,,
200611685,6,Hollywood,666,6100 AFTON PL,,34.0953,-118.3241,,,,,,,,,,,,,,,
200310595,3,Southwest,361,4000 NICOLET AV,,34.0171,-118.3531,,,,,,,,,,,,,,,
200313586,3,Southwest,356,37TH,NORMANDIE AV,34.021,-118.3002,,,,,,,,,,,,,,,
200605338,6,Hollywood,646,CHEROKEE,HOLLYWOOD,34.1016,-118.335,,,,,,,,,,,,,,,
200122876,1,Central,123,200 N HILL ST,,34.0554,-118.2455,,,,,,,,,,,,,,,
201912703,19,Mission,1951,15500 DEVONSHIRE ST,,34.261,-118.4698,,,,,,,,,,,,,,,
202010543,20,Olympic,2017,200 S BERENDO ST,,34.0709,-118.2941,,,,,,,,,,,,,,,
201218642,12,77th Street,1232,3400 W 59TH PL,,33.9863,-118.333,,,,,,,,,,,,,,,
200211570,2,Rampart,245,ALVARADO ST,WILSHIRE BL,34.058,-118.2759,,,,,,,,,,,,,,,
200909302,9,Van Nuys,904,15200 SHERMAN WY,,34.2084,-118.4599,,,,,,,,,,,,,,,
201716661,17,Devonshire,1794,PARTHENIA,RESEDA,34.2283,-118.5361,,,,,,,,,,,,,,,
201517020,15,N Hollywood,1538,11300 TIARA ST,,34.1785,-118.3774,,,,,,,,,,,,,,,
200119249,1,Central,161,800 S FIGUEROA ST,,34.0483,-118.2631,,,,,,,,,,,,,,,
201321022,13,Newton,1385,62ND ST,SAN PEDRO ST,33.9834,-118.2696,,,,,,,,,,,,,,,
201207045,12,77th Street,1267,FIGUEROA ST,MANCHESTER AV,33.9601,-118.2827,,,,,,,,,,,,,,,
200406360,4,Hollenbeck,418,5000 HUNTINGTON DR,,34.0948,-118.1751,,,,,,,,,,,,,,,
201412886,14,Pacific,1425,11400 WOODBINE ST,,34.018,-118.4292,,,,,,,,,,,,,,,
201221938,12,77th Street,1283,1700 W CENTURY BL,,33.9455,-118.3073,,,,,,,,,,,,,,,
200600725,6,Hollywood,666,LEXINGTON,VINE,34.0926,-118.3266,,,,,,,,,,,,,,,
200618010,6,Hollywood,643,7100 HOLLYWOOD BL,,34.1016,-118.3458,,,,,,,,,,,,,,,930
201808834,18,Southeast,1862,100 W 119TH ST,,33.9247,-118.2739,,,,,,,,,,,,,,,
201221667,12,77th Street,1215,1300 W 55TH ST,,33.9923,-118.2981,,,,,,,,,,,,,,,
211204035,12,77th Street,1218,700 W 56TH ST,,33.9915,-118.2842,,,,,,,,,,,,,,,
201013064,10,West Valley,1065,WHITE OAK AV,VENTURA BL,34.1627,-118.5185,,,,,,,,,,,,,,,
200313458,3,Southwest,343,5100 OBAMA BL,,34.0215,-118.3566,,,,,,,,,,,,,,,
201820427,18,Southeast,1842,11300 S MAIN ST,,33.9315,-118.2739,,,,,,,,,,,,,,,
201216067,12,77th Street,1218,53RD ST,VERMONT AV,33.9941,-118.2915,,,,,,,,,,,,,,,
201907215,19,Mission,1913,BLEDSOE,ENCINITAS,34.3089,-118.4613,,,,,,,,,,,,,,,
200321708,3,Southwest,334,2900 10TH AV,,34.0268,-118.3318,,,,,,,,,,,,,,,
201505409,15,N Hollywood,1548,5200 CLEON AV,,34.1649,-118.3686,,,,,,,,,,,,,,,
201714175,17,Devonshire,1797,HAYVENHURST,ROSCOE BL,34.2213,-118.4921,,,,,,,,,,,,,,,
200118526,1,Central,138,4TH ST,OMAR,34.0454,-118.2422,,,,,,,,,,,,,,,
201815729,18,Southeast,1806,CENTRAL,90TH ST,33.9547,-118.2564,,,,,,,,,,,,,,,
200113796,1,Central,157,500 S SAN PEDRO ST,,34.0442,-118.2439,,,,,,,,,,,,,,,
200216477,2,Rampart,279,OLYMPIC,UNION,34.0492,-118.2742,,,,,,,,,,,,,,,
201005015,10,West Valley,1023,19200 VANOWEN ST,,34.1939,-118.5516,,,,,,,,,,,,,,,
202112383,21,Topanga,2147,7100 INDEPENDENCE AV,,34.1992,-118.5906,,,,,,,,,,,,,,,
202017418,20,Olympic,2053,MONETTE,WESTERN AV,34.0536,-118.3091,,,,,,,,,,,,,,,
201821667,18,Southeast,1849,IMPERIAL HY,MONA BL,33.929,-118.2309,,,,,,,,,,,,,,,
202000665,20,Olympic,2076,1700 S VERMONT AV,,34.0436,-118.296,,,,,,,,,,,,,,,998
201224442,12,77th Street,1253,76TH ST,WESTERN AV,33.9709,-118.309,,,,,,,,,,,,,,,
201222047,12,77th Street,1243,1700 W 62ND ST,,33.9832,-118.3073,,,,,,,,,,,,,,,
201307665,13,Newton,1377,5700 HOLMES AV,,33.991,-118.2412,,,,,,,,,,,,,,,
201223355,12,77th Street,1215,54TH ST,VERMONT AV,33.9932,-118.2915,,,,,,,,,,,,,,,
201226417,12,77th Street,1235,1200 W 60TH PL,,33.985,-118.2981,,,,,,,,,,,,,,,
200217269,2,Rampart,269,700 WITMER ST,,34.0519,-118.268,,,,,,,,,,,,,,,
200213890,2,Rampart,211,600 N BERENDO ST,,34.0817,-118.2941,,,,,,,,,,,,,,,
201821329,18,Southeast,1827,92ND ST,GRAPE ST,33.9533,-118.2363,,,,,,,,,,,,,,,
201316893,13,Newton,1362,400 E 49TH ST,,33.9988,-118.2696,,,,,,,,,,,,,,,
202000609,20,Olympic,2071,2400 VENICE BL,,34.0454,-118.3134,,,,,,,,,,,,,,,
200413732,4,Hollenbeck,456,2800 WABASH AV,,34.0503,-118.1976,,,,,,,,,,,,,,,
201911828,19,Mission,1981,8500 N SEPULVEDA BL,,34.2267,-118.4704,,,,,,,,,,,,,,,
201013144,10,West Valley,1045,18000 MARTHA ST,,34.1731,-118.5239,,,,,,,,,,,,,,,
201304284,13,Newton,1331,31ST ST,BROADWAY,34.0215,-118.2723,,,,,,,,,,,,,,,
200510451,5,Harbor,503,MCCOY AV,LOMITA BL,33.7977,-118.2898,,,,,,,,,,,,,,,
201221530,12,77th Street,1209,4900 S FIGUEROA ST,,33.9988,-118.2827,,,,,,,,,,,,,,,
200807042,8,West LA,842,SAN VICENTE BL,GOSHEN AV,34.0465,-118.4588,,,,,,,,,,,,,,,
201214215,12,77th Street,1215,1300 W 56TH ST,,33.9916,-118.2981,,,,,,,,,,,,,,,
201819489,18,Southeast,1837,115TH ST,WILMINGTON AV,33.9303,-118.2391,,,,,,,,,,,,,,,
200609553,6,Hollywood,666,1400 N CAHUENGA BL,,34.0962,-118.3295,,,,,,,,,,,,,,,
200617275,6,Hollywood,646,WHITLEY,HOLLYWOOD,34.0987,-118.3337,,,,,,,,,,,,,,,930
202010695,20,Olympic,2055,PICO BL,NORMANDIE AV,34.0472,-118.3,,,,,,,,,,,,,,,
201821957,18,Southeast,1801,W 93RD ST,BARING CROSS,33.9519,-118.2893,,,,,,,,,,,,,,,
201218925,12,77th Street,1267,800 W 84TH ST,,33.9624,-118.2907,,,,,,,,,,,,,,,
201106183,11,Northeast,1124,3200 DREW ST,,34.1186,-118.245,,,,,,,,,,,,,,,
200213723,2,Rampart,216,BELLEVUE AV,SILVER LAKE BL,34.0747,-118.2686,,,,,,,,,,,,,,,
200401169,4,Hollenbeck,463,CHICAGO ST,CESAR E CHAVEZ AV,34.0462,-118.2153,,,,,,,,,,,,,,,
201223354,12,77th Street,1215,54TH ST,VERMONT AV,33.9932,-118.2915,,,,,,,,,,,,,,,
201219437,12,77th Street,1273,9000 S NORMANDIE AV,,33.9564,-118.309,,,,,,,,,,,,,,,
200300683,3,Southwest,356,DENKER AV,S EXPOSITION BL,34.0184,-118.3045,,,,,,,,,,,,,,,
201812633,18,Southeast,1846,11200 PARMELEE AV,,33.9326,-118.2502,,,,,,,,,,,,,,,
201820421,18,Southeast,1826,9300 FIRTH BL,,33.9531,-118.2475,,,,,,,,,,,,,,,
200616720,6,Hollywood,626,FRANKLIN,ARGYLE,34.1052,-118.3252,,,,,,,,,,,,,,,
201804104,18,Southeast,1881,16400 S VERMONT AV,,33.8825,-118.2913,,,,,,,,,,,,,,,
202017305,20,Olympic,2029,3000 WILSHIRE BL,,34.0652,-118.2878,,,,,,,,,,,,,,,
200506727,5,Harbor,528,1500 E DENNI ST,,33.7854,-118.245,,,,,,,,,,,,,,,
201511263,15,N Hollywood,1511,13200 LEADWELL ST,,34.2039,-118.4205,,,,,,,,,,,,,,,
201800542,18,Southeast,1846,11100 COMPTON AV,,33.9323,-118.2502,,,,,,,,,,,,,,,
201815651,18,Southeast,1834,900 E 108TH ST,,33.9383,-118.2587,,,,,,,,,,,,,,,
201222960,12,77th Street,1243,GRAMERCY PL,GAGE AV,33.9819,-118.3134,,,,,,,,,,,,,,,
201508174,15,N Hollywood,1529,SATSUMA,CALVERT,34.1813,-118.367,,,,,,,,,,,,,,,
201913249,19,Mission,1967,9400 ROSLYNDALE AV,,34.2406,-118.4349,,,,,,,,,,,,,,,
202113417,21,Topanga,2157,DE SOTO AV,VANOWEN ST,34.1938,-118.5884,,,,,,,,,,,,,,,998
201212156,12,77th Street,1213,54TH ST,GRAMERCY PL,33.9933,-118.3138,,,,,,,,,,,,,,,
200905956,9,Van Nuys,964,13900 RIVERSIDE DR,,34.1576,-118.4352,,,,,,,,,,,,,,,
202112891,21,Topanga,2136,SHERMAN WY,REMMET,34.201,-118.6003,,,,,,,,,,,,,,,
200212016,2,Rampart,269,800 COLUMBIA AV,,34.0501,-118.2702,,,,,,,,,,,,,,,
202109341,21,Topanga,2143,6700 FALLBROOK AV,,34.1883,-118.6274,,,,,,,,,,,,,,,
201817775,18,Southeast,1846,GRAPE ST,111TH ST,33.9323,-118.2502,,,,,,,,,,,,,,,
201218166,12,77th Street,1203,4500 S ST ANDREWS PL,,33.9994,-118.3108,,,,,,,,,,,,,,,
201614982,16,Foothill,1687,DORA,ROSCOE,34.2216,-118.3774,,,,,,,,,,,,,,,
200605359,6,Hollywood,626,6300 QUEBEC DR,,34.1133,-118.3256,,,,,,,,,,,,,,,
201112307,11,Northeast,1133,GLENDALE BL,HYPERION,34.1152,-118.2637,,,,,,,,,,,,,,,
200814886,8,West LA,835,COTNER AV,OLYMPIC BL,34.0462,-118.4361,,,,,,,,,,,,,,,
202006928,20,Olympic,2027,3400 W 6TH ST,,34.0636,-118.2954,,,,,,,,,,,,,,,
201222953,12,77th Street,1255,VERMONT AV,FLORENCE AV,33.9746,-118.2917,,,,,,,,,,,,,,,
200706189,7,Wilshire,735,5300 WILSHIRE BL,,34.0623,-118.344,,,,,,,,,,,,,,,
200509844,5,Harbor,557,500 S GAFFEY ST,,33.7397,-118.2923,,,,,,,,,,,,,,,
201600711,16,Foothill,1612,NORRIS,LOUVRE ST,34.2741,-118.4201,,,,,,,,,,,,,,,
201808527,18,Southeast,1864,114TH,CENTRAL,33.931,-118.2542,,,,,,,,,,,,,,,
200910333,9,Van Nuys,941,NOBLE,DELANO,34.1766,-118.4589,,,,,,,,,,,,,,,
201111300,11,Northeast,1141,FRANKLIN,KENMORE,34.1054,-118.2973,,,,,,,,,,,,,,,
201916170,19,Mission,1951,10300 N SEPULVEDA BL,,34.2583,-118.4675,,,,,,,,,,,,,,,
201225720,12,77th Street,1258,100 W 74TH ST,,33.9727,-118.2739,,,,,,,,,,,,,,,
201204395,12,77th Street,1273,MANHATTAN PL,91ST ST,33.9545,-118.3101,,,,,,,,,,,,,,,
200716675,7,Wilshire,788,WASHINGTON,CRENSHAW,34.0399,-118.3302,,,,,,,,,,,,,,,
201411130,14,Pacific,1444,4000 LINCOLN BL,,33.9905,-118.4478,,,,,,,,,,,,,,,
201216742,12,77th Street,1213,SLAUSON AV,WESTERN AV,33.9892,-118.3089,,,,,,,,,,,,,,,
201211619,12,77th Street,1256,700 W 73RD ST,,33.9737,-118.2856,,,,,,,,,,,,,,,
201808632,18,Southeast,1821,500 W 103RD ST,,33.9431,-118.2832,,,,,,,,,,,,,,,
201606866,16,Foothill,1622,10800 TELFAIR AV,,34.2666,-118.4287,,,,,,,,,,,,,,,
201100569,11,Northeast,1135,2700 CRESTMOORE PL,,34.1145,-118.2333,,,,,,,,,,,,,,,
201218467,12,77th Street,1239,59TH ST,HOOVER ST,33.9875,-118.287,,,,,,,,,,,,,,,
200211443,2,Rampart,216,ROSEMONT,SUNSET,34.0779,-118.266,,,,,,,,,,,,,,,
201512596,15,N Hollywood,1511,13200 RAYMER ST,,34.2059,-118.4204,,,,,,,,,,,,,,,
200407908,4,Hollenbeck,473,400 S SOTO ST,,34.0376,-118.2166,,,,,,,,,,,,,,,
200619222,6,Hollywood,657,5500 ROMAINE ST,,34.0885,-118.3119,,,,,,,,,,,,,,,
200700693,7,Wilshire,787,2200 WELLINGTON RD,,34.0366,-118.3357,,,,,,,,,,,,,,,
201221764,12,77th Street,1207,800 W 50TH ST,,33.9978,-118.2909,,,,,,,,,,,,,,,
201810746,18,Southeast,1805,9300 S SAN PEDRO ST,,33.9542,-118.2684,,,,,,,,,,,,,,,
200604320,6,Hollywood,647,5800 HAROLD WY,,34.0993,-118.3159,,,,,,,,,,,,,,,
201814908,18,Southeast,1801,VERMONT,88TH ST,33.9579,-118.2916,,,,,,,,,,,,,,,
200604805,6,Hollywood,632,LAUREL CANYON,SUNSET,34.098,-118.3653,,,,,,,,,,,,,,,
200705326,7,Wilshire,762,1500 S LA CIENEGA BL,,34.0507,-118.3761,,,,,,,,,,,,,,,
202114693,21,Topanga,2189,20100 W VENTURA BL,,34.1707,-118.5717,,,,,,,,,,,,,,,
200310806,3,Southwest,394,4100 ARLINGTON AV,,34.0108,-118.3182,,,,,,,,,,,,,,,
201711244,17,Devonshire,1785,18100 NORDHOFF ST,,34.234,-118.5375,,,,,,,,,,,,,,,
211305652,13,Newton,1354,41ST ST,SAN PEDRO ST,34.0082,-118.2699,,,,,,,,,,,,,,,
200200835,2,Rampart,235,2200 W TEMPLE ST,,34.0707,-118.2693,,,,,,,,,,,,,,,
201224361,12,77th Street,1249,6200 S FIGUEROA ST,,33.983,-118.2827,,,,,,,,,,,,,,,
211804016,18,Southeast,1806,600 E 89TH ST,,33.9556,-118.2651,,,,,,,,,,,,,,,
201818088,18,Southeast,1824,10300 AVALON BL,,33.9429,-118.265,,,,,,,,,,,,,,,
201422024,14,Pacific,1483,9300 LINCOLN BL,,33.9568,-118.429,,,,,,,,,,,,,,,
200122334,1,Central,147,300 WINSTON ST,,34.0451,-118.2439,,,,,,,,,,,,,,,
200215976,2,Rampart,251,2700 WILSHIRE BL,,34.0609,-118.2823,,,,,,,,,,,,,,,
201811937,18,Southeast,1881,500 W GARDENA BL,,33.8887,-118.287,,,,,,,,,,,,,,,
200712945,7,Wilshire,782,VENICE,REDONDO,34.0387,-118.3717,,,,,,,,,,,,,,,
201310865,13,Newton,1344,4200 AVALON BL,,34.0076,-118.2653,,,,,,,,,,,,,,,
200206632,2,Rampart,231,TEMPLE,ROBINSON,34.0757,-118.2821,,,,,,,,,,,,,,,
202016852,20,Olympic,2019,3RD ST,VERMONT,34.0691,-118.2905,,,,,,,,,,,,,,,
201308467,13,Newton,1351,39TH ST,BROADWAY ST,34.0075,-118.2775,,,,,,,,,,,,,,,
200705066,7,Wilshire,788,2300 CRENSHAW BL,,34.0368,-118.3328,,,,,,,,,,,,,,,
200918601,9,Van Nuys,914,14600 VOSE ST,,34.1984,-118.4531,,,,,,,,,,,,,,,
200504531,5,Harbor,504,DENKER AV,TORRANCE BL,33.8419,-118.304,,,,,,,,,,,,,,,
201818313,18,Southeast,1851,800 W 132ND ST,,33.9123,-118.2894,,,,,,,,,,,,,,,
202006711,20,Olympic,2027,500 S KENMORE AV,,34.0654,-118.2966,,,,,,,,,,,,,,,
202004826,20,Olympic,2005,500 N ARDMORE AV,,34.0799,-118.3017,,,,,,,,,,,,,,,
200122844,1,Central,145,400 S MAIN ST,,34.0478,-118.2475,,,,,,,,,,,,,,,
201413485,14,Pacific,1444,13700 MARINA POINTE DR,,33.9849,-118.4445,,,,,,,,,,,,,,,
201913365,19,Mission,1924,14900 ASTORIA ST,,34.2948,-118.4571,,,,,,,,,,,,,,,
201309867,13,Newton,1371,5300 S BROADWAY,,33.9942,-118.2783,,,,,,,,,,,,,,,
200513262,5,Harbor,525,AVALON,E,33.7756,-118.2621,,,,,,,,,,,,,,,
201313357,13,Newton,1327,1600 E 23RD ST,,34.0163,-118.2453,,,,,,,,,,,,,,,
200717586,7,Wilshire,785,23RD ST,WEST BL,34.0361,-118.3392,,,,,,,,,,,,,,,
200607575,6,Hollywood,668,5500 VIRGINIA AV,,34.0918,-118.3092,,,,,,,,,,,,,,,
201218757,12,77th Street,1245,VERMONT AV,65TH ST,33.9805,-118.2917,,,,,,,,,,,,,,,
201223457,12,77th Street,1203,4400 S WESTERN AV,,34.0033,-118.3089,,,,,,,,,,,,,,,
202016650,20,Olympic,2063,3000 W 12TH ST,,34.049,-118.3072,,,,,,,,,,,,,,,
201816618,18,Southeast,1821,600 W COLDEN AV,,33.9492,-118.2855,,,,,,,,,,,,,,,
201307856,13,Newton,1351,MAIN ST,VERNON,34.0038,-118.274,,,,,,,,,,,,,,,
201105337,11,Northeast,1129,300 SAN PASQUAL AV,,34.1189,-118.1741,,,,,,,,,,,,,,,
201907976,19,Mission,1916,13200 DRONFIELD AV,,34.306,-118.4413,,,,,,,,,,,,,,,
201809275,18,Southeast,1844,109TH PL,AVALON BL,33.9365,-118.2652,,,,,,,,,,,,,,,
201818310,18,Southeast,1801,92ND ST,FIGUEROA,33.9528,-118.2827,,,,,,,,,,,,,,,
200511707,5,Harbor,504,20300 HARVARD BL,,33.8457,-118.3066,,,,,,,,,,,,,,,
201223051,12,77th Street,1251,3200 W FLORENCE AV,,33.9746,-118.3281,,,,,,,,,,,,,,,
200204205,2,Rampart,289,12TH ST,VALENCIA,34.0454,-118.2742,,,,,,,,,,,,,,,
200505965,5,Harbor,529,SANFORD,ANAHEIM ST,33.7806,-118.2507,,,,,,,,,,,,,,,
201614881,16,Foothill,1657,7100 GREELEY ST,,34.249,-118.2859,,,,,,,,,,,,,,,
201411668,14,Pacific,1444,2500 LINCOLN BL,,33.9924,-118.4495,,,,,,,,,,,,,,,
201806261,18,Southeast,1841,10500 S VERMONT AV,,33.9407,-118.2916,,,,,,,,,,,,,,,
201014899,10,West Valley,1029,7100 WOODLEY AV,,34.1994,-118.4837,,,,,,,,,,,,,,,
201800727,18,Southeast,1836,1500 E 107TH ST,,33.9388,-118.2479,,,,,,,,,,,,,,,
200311966,3,Southwest,397,4300 S VERMONT AV,,34.0073,-118.298,,,,,,,,,,,,,,,
201813233,18,Southeast,1844,11000 AVALON BL,,33.9348,-118.2652,,,,,,,,,,,,,,,
201413856,14,Pacific,1435,3600 INGLEWOOD BL,,34.0096,-118.4317,,,,,,,,,,,,,,,
200401163,4,Hollenbeck,464,2200 E 1ST ST,,34.0444,-118.2122,,,,,,,,,,,,,,,
200506947,5,Harbor,557,200 S GAFFEY ST,,33.7424,-118.2923,,,,,,,,,,,,,,,
202105591,21,Topanga,2138,7300 DELCO AV,,34.2027,-118.5786,,,,,,,,,,,,,,,
200516589,5,Harbor,557,700 W 7TH ST,,33.7379,-118.2928,,,,,,,,,,,,,,,
200120403,1,Central,152,600 W 5TH ST,,34.0502,-118.2539,,,,,,,,,,,,,,,
200413942,4,Hollenbeck,468,100 S EVERGREEN AV,,34.039,-118.2034,,,,,,,,,,,,,,,
201312188,13,Newton,1383,5800 BRENTWOOD ST,,33.9869,-118.2772,,,,,,,,,,,,,,,
200517829,5,Harbor,526,300 W I ST,,33.7807,-118.2666,,,,,,,,,,,,,,,
200200545,2,Rampart,245,400 S LAKE ST,,34.0621,-118.2747,,,,,,,,,,,,,,,
200410386,4,Hollenbeck,452,400 PROGRESS PL,,34.0522,-118.2225,,,,,,,,,,,,,,,
202105745,21,Topanga,2173,BURBANK BL,WOODLAKE AV,34.1676,-118.6287,,,,,,,,,,,,,,,
200321308,3,Southwest,395,1900 W MARTIN LUTHER KING JR BL,,34.0108,-118.3136,,,,,,,,,,,,,,,
201307380,13,Newton,1361,GRAND AV,45TH ST,34.0029,-118.2805,,,,,,,,,,,,,,,
202016987,20,Olympic,2021,400 S WILTON PL,,34.0653,-118.3183,,,,,,,,,,,,,,,
200605840,6,Hollywood,666,LELAND WY,VINE ST,34.0971,-118.3267,,,,,,,,,,,,,,,
200707066,7,Wilshire,702,7600 MELROSE AV,,34.0837,-118.3553,,,,,,,,,,,,,,,
201218344,12,77th Street,1213,ST ANDREWS PL,52ND ST,33.9921,-118.3108,,,,,,,,,,,,,,,
200212759,2,Rampart,246,600 S ALVARADO ST,,34.0593,-118.275,,,,,,,,,,,,,,,
200107840,1,Central,152,6TH ST,FIGUEROA,34.0509,-118.2585,,,,,,,,,,,,,,,
200905586,9,Van Nuys,926,SYLMAR,VICTORY,34.1867,-118.4465,,,,,,,,,,,,,,,
201417301,14,Pacific,1494,400 WORLD WAY,,33.9431,-118.4081,,,,,,,,,,,,,,,
201713283,17,Devonshire,1757,16900 DEVONSHIRE ST,,34.2575,-118.5004,,,,,,,,,,,,,,,
201104932,11,Northeast,1148,300 N AVENUE 50,,34.1072,-118.2037,,,,,,,,,,,,,,,
202109878,21,Topanga,2189,VENTURA BL,PENFIELD,34.1719,-118.5684,,,,,,,,,,,,,,,
201818788,18,Southeast,1822,9400 S FIGUEROA ST,,33.9501,-118.2827,,,,,,,,,,,,,,,
200311437,3,Southwest,337,2900 VAN BUREN PL,,34.0291,-118.297,,,,,,,,,,,,,,,
201221077,12,77th Street,1208,46TH ST,FIGUEROA ST,34.0017,-118.2827,,,,,,,,,,,,,,,
201710707,17,Devonshire,1793,19000 PARTHENIA ST,,34.2283,-118.547,,,,,,,,,,,,,,,
201223211,12,77th Street,1265,1300 W 85TH ST,,33.9608,-118.2994,,,,,,,,,,,,,,,
202111981,21,Topanga,2134,22100 WYANDOTTE ST,,34.2028,-118.6103,,,,,,,,,,,,,,,
200408717,4,Hollenbeck,497,3300 E OLYMPIC BL,,34.0191,-118.2081,,,,,,,,,,,,,,,
201511604,15,N Hollywood,1543,12100 CHANDLER BL,,34.1684,-118.3982,,,,,,,,,,,,,,,
200401119,4,Hollenbeck,449,1000 STONE ST,,34.0489,-118.1944,,,,,,,,,,,,,,,
200904490,9,Van Nuys,904,14700 LULL ST,,34.2099,-118.4538,,,,,,,,,,,,,,,
200515309,5,Harbor,558,OLIVER,CENTRE,33.7469,-118.2835,,,,,,,,,,,,,,,
201314062,13,Newton,1327,23RD ST,LONG BEACH AV,34.016,-118.2429,,,,,,,,,,,,,,,
201015420,10,West Valley,1009,ROSCOE BL,BALBOA BL,34.2197,-118.4809,,,,,,,,,,,,,,,
200908551,9,Van Nuys,923,VICTORY BL,KESTER AV,34.1867,-118.4575,,,,,,,,,,,,,,,
201224102,12,77th Street,1241,CRENSHAW BL,HYDE PARK BL,33.9806,-118.3309,,,,,,,,,,,,,,,
200205387,2,Rampart,236,UNION AV,BEVERLY BL,34.0656,-118.2652,,,,,,,,,,,,,,,
201813839,18,Southeast,1822,100 E 95TH ST,,33.9501,-118.2739,,,,,,,,,,,,,,,
201900931,19,Mission,1995,VAN NUYS,BLYTHE,34.2152,-118.4488,,,,,,,,,,,,,,,
200716713,7,Wilshire,743,5900 W OLYMPIC BL,,34.0575,-118.3599,,,,,,,,,,,,,,,
201008226,10,West Valley,1035,6700 CHIMINEAS AV,,34.1921,-118.5284,,,,,,,,,,,,,,,
200415152,4,Hollenbeck,426,CHADWICK,TEMPLETON,34.0848,-118.17,,,,,,,,,,,,,,,
201224914,12,77th Street,1239,500 W 59TH ST,,33.9876,-118.2838,,,,,,,,,,,,,,,
210104011,1,Central,192,1600 S HOPE ST,,34.036,-118.268,,,,,,,,,,,,,,,
200409742,4,Hollenbeck,428,4900 LYNNFIELD ST,,34.0802,-118.1769,,,,,,,,,,,,,,,
200912210,9,Van Nuys,929,6500 FULTON AV,,34.1887,-118.4225,,,,,,,,,,,,,,,
201009576,10,West Valley,1039,16100 VANOWEN ST,,34.1939,-118.4836,,,,,,,,,,,,,,,
201418424,14,Pacific,1413,300 SUNSET AV,,33.995,-118.4755,,,,,,,,,,,,,,,
201412514,14,Pacific,1435,3700 GRAND VIEW BL,,34.0073,-118.433,,,,,,,,,,,,,,,
201613907,16,Foothill,1659,6600 VALMONT ST,,34.2515,-118.2757,,,,,,,,,,,,,,,
201608407,16,Foothill,1657,APPERSON,COMMERCE,34.2559,-118.2886,,,,,,,,,,,,,,,
200714980,7,Wilshire,722,8400 W 3RD ST,,34.073,-118.3732,,,,,,,,,,,,,,,
201818600,18,Southeast,1822,101ST ST,BROADWAY,33.9446,-118.2784,,,,,,,,,,,,,,,
201207486,12,77th Street,1241,6500 WEST BL,,33.9806,-118.3352,,,,,,,,,,,,,,,
202015144,20,Olympic,2088,1700 S WESTMORELAND AV,,34.0427,-118.2892,,,,,,,,,,,,,,,
200114247,1,Central,135,3RD ST,LOS ANGELES ST,34.0487,-118.245,,,,,,,,,,,,,,,
200215864,2,Rampart,245,2200 W 6TH ST,,34.0601,-118.2761,,,,,,,,,,,,,,,
202015527,20,Olympic,2036,700 S BERENDO ST,,34.0582,-118.2941,,,,,,,,,,,,,,,
200308411,3,Southwest,354,2200 OBAMA BL,,34.0222,-118.3227,,,,,,,,,,,,,,,
201808440,18,Southeast,1822,400 W CENTURY BL,,33.9456,-118.2808,,,,,,,,,,,,,,,
201917253,19,Mission,1999,WOODMAN,STAGG,34.2126,-118.4309,,,,,,,,,,,,,,,
200200597,2,Rampart,237,2ND ST,BEAUDRY AV,34.0579,-118.2553,,,,,,,,,,,,,,,
200108749,1,Central,156,400 E 6TH ST,,34.0437,-118.2455,,,,,,,,,,,,,,,
201810037,18,Southeast,1826,9300 MAIE AV,,33.9513,-118.2445,,,,,,,,,,,,,,,
200912514,9,Van Nuys,915,14400 VOSE ST,,34.1985,-118.4471,,,,,,,,,,,,,,,
200100943,1,Central,111,MAIN ST,CESAR E CHAVEZ,34.0583,-118.2378,,,,,,,,,,,,,,,
201001016,10,West Valley,1012,18700 RUNNYMEDE ST,,34.2057,-118.54,,,,,,,,,,,,,,,
201807677,18,Southeast,1863,120TH ST,AVALON BL,33.9237,-118.2652,,,,,,,,,,,,,,,
201809972,18,Southeast,1801,91ST ST,FIGUEROA,33.9542,-118.2827,,,,,,,,,,,,,,,
200313655,3,Southwest,397,4100 DALTON AV,,34.0097,-118.3034,,,,,,,,,,,,,,,
201815448,18,Southeast,1844,800 E 109TH PL,,33.9364,-118.2609,,,,,,,,,,,,,,,
201223269,12,77th Street,1242,2600 W 65TH PL,,33.98,-118.3226,,,,,,,,,,,,,,,
201200557,12,77th Street,1263,1600 W 82ND ST,,33.9646,-118.3046,,,,,,,,,,,,,,,
200617076,6,Hollywood,636,1800 GRACE AV,,34.1039,-118.3318,,,,,,,,,,,,,,,
201314654,13,Newton,1361,200 W 49TH ST,,33.9983,-118.2761,,,,,,,,,,,,,,,
201421855,14,Pacific,1414,900 LINCOLN BL,,33.9976,-118.467,,,,,,,,,,,,,,,
201422070,14,Pacific,1441,500 VENICE BL,,33.9873,-118.4652,,,,,,,,,,,,,,,
201510042,15,N Hollywood,1591,3700 AVENIDA DEL SOL,,34.1375,-118.4085,,,,,,,,,,,,,,,
201814562,18,Southeast,1864,900 E 120TH ST,,33.9237,-118.2596,,,,,,,,,,,,,,,
200512845,5,Harbor,507,22900 LOCKNESS AV,,33.8163,-118.3046,,,,,,,,,,,,,,,
201300806,13,Newton,1343,900 E 41ST ST,,34.0114,-118.2624,,,,,,,,,,,,,,,
200307991,3,Southwest,397,4000 BRIGHTON AV,,34.0109,-118.3013,,,,,,,,,,,,,,,
201809701,18,Southeast,1827,9800 BANDERA ST,,33.9473,-118.2396,,,,,,,,,,,,,,,
200305874,3,Southwest,355,3500 S WESTERN AV,,34.0219,-118.3133,,,,,,,,,,,,,,,
200708318,7,Wilshire,755,1300 MEADOWBROOK AV,,34.0503,-118.3495,,,,,,,,,,,,,,,
201309783,13,Newton,1309,1700 E 7TH ST,,34.0348,-118.2362,,,,,,,,,,,,,,,
201321025,13,Newton,1343,600 E MARTIN LUTHER KING JR BL,,34.0111,-118.2653,,,,,,,,,,,,,,,
200216636,2,Rampart,231,BEVERLY,DILLON,34.0722,-118.2831,,,,,,,,,,,,,,,
200608068,6,Hollywood,657,5500 BARTON AV,,34.0876,-118.3114,,,,,,,,,,,,,,,
200214560,2,Rampart,221,300 N MARIPOSA AV,,34.0763,-118.2995,,,,,,,,,,,,,,,
200215055,2,Rampart,237,1100 HUNTLEY DR,,34.0572,-118.2576,,,,,,,,,,,,,,,
200211917,2,Rampart,265,8TH,ALVARADO,34.0549,-118.2778,,,,,,,,,,,,,,,
201220155,12,77th Street,1211,CRENSHAW BL,54TH ST,33.9931,-118.3307,,,,,,,,,,,,,,,
200401014,4,Hollenbeck,415,N BROADWAY,AVENUE 24,34.0762,-118.2119,,,,,,,,,,,,,,,
200210832,2,Rampart,203,4000 MARATHON ST,,34.0846,-118.2868,,,,,,,,,,,,,,,
201814338,18,Southeast,1826,1500 E 98TH ST,,33.9475,-118.2478,,,,,,,,,,,,,,,
201005934,10,West Valley,1033,RESEDA BL,VICTORY BL,34.1866,-118.536,,,,,,,,,,,,,,,
200516355,5,Harbor,528,1000 FLINT AV,,33.7837,-118.2498,,,,,,,,,,,,,,,
201816948,18,Southeast,1881,133RD ST,MENLO,33.8887,-118.287,,,,,,,,,,,,,,,
201109434,11,Northeast,1128,FIGUEROA,YORK,34.1164,-118.1835,,,,,,,,,,,,,,,
201509308,15,N Hollywood,1595,12000 VENTURA BL,,34.1436,-118.3929,,,,,,,,,,,,,,,
201420134,14,Pacific,1407,10000 NATIONAL BL,,34.0291,-118.4036,,,,,,,,,,,,,,,
