DR_NO,Status,Status Desc
201215282,AA,Adult Arrest
201715612,IC,Invest Cont
200618146,AA,Adult Arrest
202017585,IC,Invest Cont
201414285,IC,Invest Cont
201509341,IC,Invest Cont
201315598,IC,Invest Cont
200308998,IC,Invest Cont
201816124,AA,Adult Arrest
201319061,AA,Adult Arrest
201821407,IC,Invest Cont
201909938,AO,Adult Other
200312552,AO,Adult Other
200318167,IC,Invest Cont
201209707,IC,Invest Cont
201412957,AA,Adult Arrest
200613641,IC,Invest Cont
200307621,IC,Invest Cont
200708839,AA,Adult Arrest
201225824,IC,Invest Cont
201911795,AO,Adult Other
202008207,AA,Adult Arrest
201418024,AA,Adult Arrest
201214665,IC,Invest Cont
200514957,IC,Invest Cont
211204014,IC,Invest Cont
201009370,AA,Adult Arrest
200111423,IC,Invest Cont
201307616,IC,Invest Cont
201714209,IC,Invest Cont
201811487,IC,Invest Cont
201811722,IC,Invest Cont
200614971,AA,Adult Arrest
200118991,IC,Invest Cont
201817785,AO,Adult Other
200320094,IC,Invest Cont
201819549,AA,Adult Arrest
201311731,IC,Invest Cont
201320916,IC,Invest Cont
200310593,IC,Invest Cont
200908938,AO,Adult Other
202012538,IC,Invest Cont
201406559,IC,Invest Cont
201515700,IC,Invest Cont
201806995,AO,Adult Other
201420156,IC,Invest Cont
201226482,IC,Invest Cont
201116185,AA,Adult Arrest
202010970,IC,Invest Cont
200410143,IC,Invest Cont
201218464,AA,Adult Arrest
200814286,AO,Adult Other
200604228,IC,Invest Cont
200100528,AA,Adult Arrest
200610707,IC,Invest Cont
200315717,AO,Adult Other
200708243,AA,Adult Arrest
200610221,IC,Invest Cont
201820284,IC,Invest Cont
201113033,AO,Adult Other
200618841,AA,Adult Arrest
200713873,AO,Adult Other
201909405,JA,Juv Arrest
200515177,IC,Invest Cont
201105807,JA,Juv Arrest
200615676,AA,Adult Arrest
201204524,IC,Invest Cont
201915764,AA,Adult Arrest
200215426,AA,Adult Arrest
200914943,AO,Adult Other
200213521,IC,Invest Cont
201512578,IC,Invest Cont
201821314,IC,Invest Cont
201314491,IC,Invest Cont
201807438,AA,Adult Arrest
201819953,IC,Invest Cont
200100578,AA,Adult Arrest
202005550,AA,Adult Arrest
201204457,IC,Invest Cont
202110740,AA,Adult Arrest
201320726,AO,Adult Other
201611836,AO,Adult Other
201810045,IC,Invest Cont
200212207,IC,Invest Cont
201218005,JA,Juv Arrest
201321167,IC,Invest Cont
200912618,IC,Invest Cont
200111334,AA,Adult Arrest
201225069,IC,Invest Cont
200610885,IC,Invest Cont
201316231,AA,Adult Arrest
200517240,AO,Adult Other
201209720,IC,Invest Cont
201817526,IC,Invest Cont
201214708,AO,Adult Other
202108172,IC,Invest Cont
200215587,AA,Adult Arrest
201212388,AA,Adult Arrest
201513074,IC,Invest Cont
201713682,IC,Invest Cont
201015533,IC,Invest Cont
211806777,IC,Invest Cont
202107618,AO,Adult Other
201808239,IC,Invest Cont
200105126,IC,Invest Cont
201214763,AA,Adult Arrest
201219570,IC,Invest Cont
200309318,IC,Invest Cont
201912862,IC,Invest Cont
201907944,AO,Adult Other
201220616,AO,Adult Other
200612937,IC,Invest Cont
201200716,IC,Invest Cont
201005429,IC,Invest Cont
200206554,IC,Invest Cont
200908695,AA,Adult Arrest
201110760,AA,Adult Arrest
200516278,AO,Adult Other
201312469,AO,Adult Other
201304976,AO,Adult Other
201419785,IC,Invest Cont
200713112,IC,Invest Cont
201818181,IC,Invest Cont
200315929,IC,Invest Cont
200510690,AA,Adult Arrest
201306346,IC,Invest Cont
201807244,IC,Invest Cont
200404603,IC,Invest Cont
202013205,AO,Adult Other
201707034,AO,Adult Other
201818709,IC,Invest Cont
202000747,AA,Adult Arrest
200815102,AO,Adult Other
202013972,IC,Invest Cont
200107531,AO,Adult Other
200513998,AA,Adult Arrest
201226637,AA,Adult Arrest
200117422,IC,Invest Cont
200315259,IC,Invest Cont
200511783,IC,Invest Cont
201711324,AA,Adult Arrest
202107253,IC,Invest Cont
200906470,AA,Adult Arrest
200415116,IC,Invest Cont
200114129,IC,Invest Cont
200408081,IC,Invest Cont
200515518,IC,Invest Cont
201405999,AO,Adult Other
201600886,AA,Adult Arrest
201213371,AA,Adult Arrest
200306895,IC,Invest Cont
201504847,AA,Adult Arrest
200816895,IC,Invest Cont
200212999,IC,Invest Cont
200705967,IC,Invest Cont
200214051,AO,Adult Other
200322130,IC,Invest Cont
201215923,IC,Invest Cont
201108938,AO,Adult Other
200407077,IC,Invest Cont
200618611,AA,Adult Arrest
200609528,AO,Adult Other
200415360,IC,Invest Cont
200214938,IC,Invest Cont
200410078,AA,Adult Arrest
200513063,AA,Adult Arrest
201320854,IC,Invest Cont
201310767,IC,Invest Cont
201906703,AA,Adult Arrest
200412072,IC,Invest Cont
201315222,IC,Invest Cont
201811387,IC,Invest Cont
201607773,AA,Adult Arrest
201219444,IC,Invest Cont
201814948,IC,Invest Cont
200707683,IC,Invest Cont
201316640,AA,Adult Arrest
200315152,IC,Invest Cont
201110471,IC,Invest Cont
200514901,IC,Invest Cont
200204801,IC,Invest Cont
202009433,AO,Adult Other
201911468,AO,Adult Other
201217837,IC,Invest Cont
202010611,IC,Invest Cont
200300709,AA,Adult Arrest
200812375,IC,Invest Cont
202018624,AA,Adult Arrest
201904495,AA,Adult Arrest
201218262,IC,Invest Cont
200605766,IC,Invest Cont
201818180,IC,Invest Cont
200407011,IC,Invest Cont
201911003,AA,Adult Arrest
200309767,AA,Adult Arrest
200304743,AA,Adult Arrest
201007045,IC,Invest Cont
200905590,AA,Adult Arrest
201912322,AO,Adult Other
201317136,IC,Invest Cont
200312726,IC,Invest Cont
200917606,AA,Adult Arrest
200320058,IC,Invest Cont
200204871,AO,Adult Other
200708332,IC,Invest Cont
201200705,IC,Invest Cont
200618923,AA,Adult Arrest
201805474,AO,Adult Other
201817599,AO,Adult Other
201214847,AA,Adult Arrest
201600883,IC,Invest Cont
201309725,IC,Invest Cont
200615862,IC,Invest Cont
200216176,IC,Invest Cont
201613144,AO,Adult Other
200517960,AO,Adult Other
200914112,IC,Invest Cont
201009228,AA,Adult Arrest
201513788,AA,Adult Arrest
201207243,IC,Invest Cont
201413193,IC,Invest Cont
201821290,IC,Invest Cont
201201021,IC,Invest Cont
200400670,AO,Adult Other
200215563,IC,Invest Cont
201512102,IC,Invest Cont
201609968,IC,Invest Cont
200617033,AA,Adult Arrest
201814365,IC,Invest Cont
200110823,IC,Invest Cont
201219615,IC,Invest Cont
200515412,IC,Invest Cont
200706974,AO,Adult Other
200308372,AA,Adult Arrest
201800746,IC,Invest Cont
200504215,IC,Invest Cont
201211990,IC,Invest Cont
201004973,AO,Adult Other
202015507,IC,Invest Cont
200408716,IC,Invest Cont
200309754,IC,Invest Cont
201822605,IC,Invest Cont
200304306,IC,Invest Cont
201418918,AA,Adult Arrest
200615792,IC,Invest Cont
200310013,IC,Invest Cont
200413507,AO,Adult Other
201200543,IC,Invest Cont
201818096,IC,Invest Cont
201215670,IC,Invest Cont
200712834,IC,Invest Cont
200105642,AA,Adult Arrest
200312361,IC,Invest Cont
200512850,AA,Adult Arrest
201217530,AA,Adult Arrest
201906350,AO,Adult Other
202110701,AO,Adult Other
200313113,IC,Invest Cont
201200795,IC,Invest Cont
201813052,AA,Adult Arrest
201819169,IC,Invest Cont
201311651,IC,Invest Cont
201911362,IC,Invest Cont
201218804,IC,Invest Cont
200121976,IC,Invest Cont
202011440,AO,Adult Other
200618287,IC,Invest Cont
201417306,IC,Invest Cont
201300702,AO,Adult Other
201313370,IC,Invest Cont
200114767,AO,Adult Other
200112960,IC,Invest Cont
201223785,IC,Invest Cont
200204337,IC,Invest Cont
201218509,IC,Invest Cont
201809799,AO,Adult Other
200508697,AO,Adult Other
201321613,IC,Invest Cont
201909667,AA,Adult Arrest
201221063,IC,Invest Cont
201200599,AA,Adult Arrest
200909339,IC,Invest Cont
202010693,AA,Adult Arrest
200319665,AA,Adult Arrest
201012161,AO,Adult Other
201317899,IC,Invest Cont
201314074,IC,Invest Cont
202015532,IC,Invest Cont
200411735,IC,Invest Cont
200905494,AO,Adult Other
201214732,IC,Invest Cont
201815030,IC,Invest Cont
200211802,AO,Adult Other
201819006,IC,Invest Cont
201615147,IC,Invest Cont
201912800,AA,Adult Arrest
201411996,AA,Adult Arrest
202018315,IC,Invest Cont
202012600,AA,Adult Arrest
201813929,AA,Adult Arrest
201217333,IC,Invest Cont
201200858,IC,Invest Cont
200907991,AO,Adult Other
201307292,IC,Invest Cont
200510372,IC,Invest Cont
201320793,IC,Invest Cont
201314677,IC,Invest Cont
201416124,AA,Adult Arrest
200119711,IC,Invest Cont
201009571,AO,Adult Other
202014168,IC,Invest Cont
201612478,AA,Adult Arrest
200111380,AA,Adult Arrest
202012220,AO,Adult Other
201505250,IC,Invest Cont
201100532,IC,Invest Cont
201913094,IC,Invest Cont
200513340,IC,Invest Cont
200611685,AA,Adult Arrest
200310595,IC,Invest Cont
200313586,IC,Invest Cont
200605338,AA,Adult Arrest
200122876,IC,Invest Cont
201912703,IC,Invest Cont
202010543,AA,Adult Arrest
201218642,IC,Invest Cont
200211570,AO,Adult Other
200909302,IC,Invest Cont
201716661,IC,Invest Cont
201517020,AO,Adult Other
200119249,AA,Adult Arrest
201321022,IC,Invest Cont
201207045,AO,Adult Other
200406360,IC,Invest Cont
201412886,AA,Adult Arrest
201221938,IC,Invest Cont
200600725,IC,Invest Cont
200618010,AA,Adult Arrest
201808834,AA,Adult Arrest
201221667,IC,Invest Cont
211204035,AA,Adult Arrest
201013064,AO,Adult Other
200313458,IC,Invest Cont
201820427,IC,Invest Cont
201216067,IC,Invest Cont
201907215,IC,Invest Cont
200321708,IC,Invest Cont
201505409,IC,Invest Cont
201714175,AA,Adult Arrest
200118526,IC,Invest Cont
201815729,IC,Invest Cont
200113796,IC,Invest Cont
200216477,IC,Invest Cont
201005015,IC,Invest Cont
202112383,AA,Adult Arrest
202017418,AA,Adult Arrest
201821667,IC,Invest Cont
202000665,AA,Adult Arrest
201224442,IC,Invest Cont
201222047,AA,Adult Arrest
201307665,AO,Adult Other
201223355,IC,Invest Cont
201226417,IC,Invest Cont
200217269,IC,Invest Cont
200213890,IC,Invest Cont
201821329,IC,Invest Cont
201316893,IC,Invest Cont
202000609,AA,Adult Arrest
200413732,IC,Invest Cont
201911828,AO,Adult Other
201013144,IC,Invest Cont
201304284,IC,Invest Cont
200510451,AO,Adult Other
201221530,IC,Invest Cont
200807042,IC,Invest Cont
201214215,AO,Adult Other
201819489,IC,Invest Cont
200609553,AA,Adult Arrest
200617275,IC,Invest Cont
202010695,AA,Adult Arrest
201821957,IC,Invest Cont
201218925,IC,Invest Cont
201106183,AA,Adult Arrest
200213723,IC,Invest Cont
200401169,IC,Invest Cont
201223354,IC,Invest Cont
201219437,AA,Adult Arrest
200300683,IC,Invest Cont
201812633,IC,Invest Cont
201820421,IC,Invest Cont
200616720,AA,Adult Arrest
201804104,AA,Adult Arrest
202017305,AO,Adult Other
200506727,AA,Adult Arrest
201511263,AO,Adult Other
201800542,AO,Adult Other
201815651,IC,Invest Cont
201222960,AA,Adult Arrest
201508174,IC,Invest Cont
201913249,IC,Invest Cont
202113417,IC,Invest Cont
201212156,IC,Invest Cont
200905956,IC,Invest Cont
202112891,IC,Invest Cont
200212016,IC,Invest Cont
202109341,AO,Adult Other
201817775,IC,Invest Cont
201218166,AA,Adult Arrest
201614982,IC,Invest Cont
200605359,IC,Invest Cont
201112307,IC,Invest Cont
200814886,IC,Invest Cont
202006928,IC,Invest Cont
201222953,AA,Adult Arrest
200706189,IC,Invest Cont
200509844,IC,Invest Cont
201600711,IC,Invest Cont
201808527,IC,Invest Cont
200910333,IC,Invest Cont
201111300,IC,Invest Cont
201916170,AO,Adult Other
201225720,AO,Adult Other
201204395,IC,Invest Cont
200716675,IC,Invest Cont
201411130,AA,Adult Arrest
201216742,IC,Invest Cont
201211619,IC,Invest Cont
201808632,AO,Adult Other
201606866,AO,Adult Other
201100569,IC,Invest Cont
201218467,IC,Invest Cont
200211443,AA,Adult Arrest
201512596,IC,Invest Cont
200407908,IC,Invest Cont
200619222,AA,Adult Arrest
200700693,AA,Adult Arrest
201221764,IC,Invest Cont
201810746,AA,Adult Arrest
200604320,IC,Invest Cont
201814908,IC,Invest Cont
200604805,IC,Invest Cont
200705326,IC,Invest Cont
202114693,AA,Adult Arrest
200310806,IC,Invest Cont
201711244,IC,Invest Cont
211305652,IC,Invest Cont
200200835,AO,Adult Other
201224361,IC,Invest Cont
211804016,AA,Adult Arrest
201818088,AO,Adult Other
201422024,IC,Invest Cont
200122334,AA,Adult Arrest
200215976,AO,Adult Other
201811937,IC,Invest Cont
200712945,IC,Invest Cont
201310865,IC,Invest Cont
200206632,IC,Invest Cont
202016852,IC,Invest Cont
201308467,IC,Invest Cont
200705066,AO,Adult Other
200918601,AA,Adult Arrest
200504531,IC,Invest Cont
201818313,IC,Invest Cont
202006711,IC,Invest Cont
202004826,AA,Adult Arrest
200122844,IC,Invest Cont
201413485,AO,Adult Other
201913365,AA,Adult Arrest
201309867,AA,Adult Arrest
200513262,IC,Invest Cont
201313357,AA,Adult Arrest
200717586,IC,Invest Cont
200607575,IC,Invest Cont
201218757,IC,Invest Cont
201223457,IC,Invest Cont
202016650,AA,Adult Arrest
201816618,IC,Invest Cont
201307856,IC,Invest Cont
201105337,IC,Invest Cont
201907976,IC,Invest Cont
201809275,IC,Invest Cont
201818310,IC,Invest Cont
200511707,IC,Invest Cont
201223051,IC,Invest Cont
200204205,AO,Adult Other
200505965,IC,Invest Cont
201614881,AO,Adult Other
201411668,IC,Invest Cont
201806261,AA,Adult Arrest
201014899,AA,Adult Arrest
201800727,AO,Adult Other
200311966,IC,Invest Cont
201813233,AA,Adult Arrest
201413856,AO,Adult Other
200401163,IC,Invest Cont
200506947,IC,Invest Cont
202105591,IC,Invest Cont
200516589,IC,Invest Cont
200120403,IC,Invest Cont
200413942,AA,Adult Arrest
201312188,AO,Adult Other
200517829,IC,Invest Cont
200200545,AA,Adult Arrest
200410386,IC,Invest Cont
202105745,IC,Invest Cont
200321308,AO,Adult Other
201307380,AA,Adult Arrest
202016987,AO,Adult Other
200605840,AA,Adult Arrest
200707066,IC,Invest Cont
201218344,IC,Invest Cont
200212759,IC,Invest Cont
200107840,IC,Invest Cont
200905586,AO,Adult Other
201417301,IC,Invest Cont
201713283,IC,Invest Cont
201104932,IC,Invest Cont
202109878,IC,Invest Cont
201818788,AO,Adult Other
200311437,AO,Adult Other
201221077,IC,Invest Cont
201710707,IC,Invest Cont
201223211,IC,Invest Cont
202111981,AA,Adult Arrest
200408717,IC,Invest Cont
201511604,AO,Adult Other
200401119,IC,Invest Cont
200904490,IC,Invest Cont
200515309,IC,Invest Cont
201314062,IC,Invest Cont
201015420,IC,Invest Cont
200908551,AA,Adult Arrest
201224102,IC,Invest Cont
200205387,AA,Adult Arrest
201813839,AO,Adult Other
201900931,IC,Invest Cont
200716713,AO,Adult Other
201008226,AO,Adult Other
200415152,IC,Invest Cont
201224914,AO,Adult Other
210104011,AA,Adult Arrest
200409742,IC,Invest Cont
200912210,AA,Adult Arrest
201009576,IC,Invest Cont
201418424,AA,Adult Arrest
201412514,IC,Invest Cont
201613907,IC,Invest Cont
201608407,IC,Invest Cont
200714980,IC,Invest Cont
201818600,IC,Invest Cont
201207486,IC,Invest Cont
202015144,IC,Invest Cont
200114247,AO,Adult Other
200215864,IC,Invest Cont
202015527,AO,Adult Other
200308411,AO,Adult Other
201808440,AO,Adult Other
201917253,IC,Invest Cont
200200597,AA,Adult Arrest
200108749,AA,Adult Arrest
201810037,JA,Juv Arrest
200912514,AO,Adult Other
200100943,AO,Adult Other
201001016,AO,Adult Other
201807677,IC,Invest Cont
201809972,IC,Invest Cont
200313655,AA,Adult Arrest
201815448,AO,Adult Other
201223269,AO,Adult Other
201200557,IC,Invest Cont
200617076,AA,Adult Arrest
201314654,IC,Invest Cont
201421855,AA,Adult Arrest
201422070,IC,Invest Cont
201510042,IC,Invest Cont
201814562,IC,Invest Cont
200512845,IC,Invest Cont
201300806,IC,Invest Cont
200307991,IC,Invest Cont
201809701,IC,Invest Cont
200305874,IC,Invest Cont
200708318,IC,Invest Cont
201309783,AO,Adult Other
201321025,AA,Adult Arrest
200216636,IC,Invest Cont
200608068,AA,Adult Arrest
200214560,AA,Adult Arrest
200215055,IC,Invest Cont
200211917,IC,Invest Cont
201220155,IC,Invest Cont
200401014,IC,Invest Cont
200210832,IC,Invest Cont
201814338,IC,Invest Cont
201005934,IC,Invest Cont
200516355,IC,Invest Cont
201816948,AO,Adult Other
201109434,IC,Invest Cont
201509308,AA,Adult Arrest
201420134,IC,Invest Cont
200311052,IC,Invest Cont
201314588,IC,Invest Cont
200307622,IC,Invest Cont
200116569,IC,Invest Cont
201227378,IC,Invest Cont
202008711,IC,Invest Cont
201212479,IC,Invest Cont
200106345,AA,Adult Arrest
201700675,AA,Adult Arrest
200209218,AA,Adult Arrest
200401230,AA,Adult Arrest
201819427,IC,Invest Cont
200112215,AA,Adult Arrest
200100546,AO,Adult Other
200117854,IC,Invest Cont
201409855,IC,Invest Cont
201809864,AA,Adult Arrest
200415645,IC,Invest Cont
200515419,IC,Invest Cont
201106319,IC,Invest Cont
201219138,AA,Adult Arrest
201813196,IC,Invest Cont
201815019,IC,Invest Cont
201204345,IC,Invest Cont
200614292,IC,Invest Cont
200105262,IC,Invest Cont
201212197,IC,Invest Cont
201216499,AA,Adult Arrest
200400775,AO,Adult Other
201000813,AA,Adult Arrest
200316339,IC,Invest Cont
200515592,IC,Invest Cont
200211627,IC,Invest Cont
201214508,IC,Invest Cont
200317881,AO,Adult Other
201821443,AA,Adult Arrest
201411567,AO,Adult Other
200409475,IC,Invest Cont
201114170,IC,Invest Cont
200401153,IC,Invest Cont
201910104,AO,Adult Other
200310473,IC,Invest Cont
200405852,AA,Adult Arrest
202017465,IC,Invest Cont
200200723,AA,Adult Arrest
201820353,AA,Adult Arrest
202015121,AO,Adult Other
200115813,AO,Adult Other
200511874,JA,Juv Arrest
200208412,IC,Invest Cont
200910035,IC,Invest Cont
200208380,AO,Adult Other
201320442,IC,Invest Cont
201711313,AO,Adult Other
200209322,AO,Adult Other
200400774,IC,Invest Cont
200600577,AO,Adult Other
200409465,AA,Adult Arrest
200616134,IC,Invest Cont
200110540,AA,Adult Arrest
201808708,AA,Adult Arrest
201908253,AA,Adult Arrest
200412921,AO,Adult Other
200414097,AO,Adult Other
201204901,AA,Adult Arrest
200813245,AA,Adult Arrest
200411777,AA,Adult Arrest
201600669,AA,Adult Arrest
201111132,AA,Adult Arrest
200509216,AA,Adult Arrest
200509846,IC,Invest Cont
201206730,IC,Invest Cont
200909195,AA,Adult Arrest
201917493,AO,Adult Other
201013242,JA,Juv Arrest
200408585,IC,Invest Cont
201205803,AA,Adult Arrest
201106139,AO,Adult Other
201913730,AA,Adult Arrest
201608004,AO,Adult Other
200704600,IC,Invest Cont
201412660,IC,Invest Cont
200218982,AO,Adult Other
201321226,IC,Invest Cont
200509299,IC,Invest Cont
201319646,IC,Invest Cont
200511706,IC,Invest Cont
200208938,AA,Adult Arrest
201509080,AO,Adult Other
200415184,IC,Invest Cont
200300932,AO,Adult Other
201513618,AA,Adult Arrest
201008981,AO,Adult Other
201705073,IC,Invest Cont
200111830,IC,Invest Cont
202012603,AO,Adult Other
201304677,IC,Invest Cont
200122289,AO,Adult Other
201207654,IC,Invest Cont
200321626,AO,Adult Other
202112245,AA,Adult Arrest
200212586,AA,Adult Arrest
200106735,AO,Adult Other
201215846,AO,Adult Other
200616889,AA,Adult Arrest
202014517,AO,Adult Other
201605508,IC,Invest Cont
201812141,IC,Invest Cont
200210509,AA,Adult Arrest
201311777,AO,Adult Other
201509507,AO,Adult Other
201216463,AO,Adult Other
201819900,AA,Adult Arrest
200115511,AA,Adult Arrest
201311886,IC,Invest Cont
200504995,AO,Adult Other
201216307,AO,Adult Other
201217341,AO,Adult Other
200308564,IC,Invest Cont
200318970,IC,Invest Cont
200304165,IC,Invest Cont
201317533,AA,Adult Arrest
202000610,AA,Adult Arrest
200710027,IC,Invest Cont
200512038,IC,Invest Cont
201209209,AO,Adult Other
201914935,IC,Invest Cont
201217730,IC,Invest Cont
201805753,JO,Juv Other
201907410,AO,Adult Other
202004701,AA,Adult Arrest
200318276,IC,Invest Cont
201812643,IC,Invest Cont
201514542,IC,Invest Cont
200116743,IC,Invest Cont
200905762,IC,Invest Cont
201712490,IC,Invest Cont
201224143,IC,Invest Cont
202116572,IC,Invest Cont
200411373,AO,Adult Other
201307805,AA,Adult Arrest
200111548,IC,Invest Cont
200109815,IC,Invest Cont
202016692,IC,Invest Cont
200406961,IC,Invest Cont
212114885,IC,Invest Cont
211507539,AA,Adult Arrest
201413895,AA,Adult Arrest
200112842,IC,Invest Cont
201301193,IC,Invest Cont
200713559,AO,Adult Other
200321023,AA,Adult Arrest
201605477,IC,Invest Cont
200515725,AA,Adult Arrest
201224183,IC,Invest Cont
201819050,IC,Invest Cont
200913836,AO,Adult Other
200204309,IC,Invest Cont
200319964,IC,Invest Cont
201806595,AO,Adult Other
202009296,IC,Invest Cont
200811226,AA,Adult Arrest
201222299,AO,Adult Other
201817585,IC,Invest Cont
201807612,IC,Invest Cont
202014497,AA,Adult Arrest
201312995,AO,Adult Other
201500546,AO,Adult Other
201108939,AO,Adult Other
200809037,AA,Adult Arrest
201106177,IC,Invest Cont
201713121,AO,Adult Other
200909637,AA,Adult Arrest
201400503,IC,Invest Cont
200613815,IC,Invest Cont
200209092,AO,Adult Other
202112778,IC,Invest Cont
200315755,IC,Invest Cont
202011439,AO,Adult Other
201309221,AO,Adult Other
201225876,IC,Invest Cont
200611646,AA,Adult Arrest
200714394,AA,Adult Arrest
201816377,AA,Adult Arrest
201114314,IC,Invest Cont
201223859,IC,Invest Cont
201818640,IC,Invest Cont
200206687,IC,Invest Cont
201217943,IC,Invest Cont
201609799,IC,Invest Cont
201112570,IC,Invest Cont
200715957,AA,Adult Arrest
201510471,IC,Invest Cont
200911963,IC,Invest Cont
201226751,IC,Invest Cont
200211713,AA,Adult Arrest
202015484,AO,Adult Other
200304349,IC,Invest Cont
201115463,IC,Invest Cont
200218754,IC,Invest Cont
200300937,AA,Adult Arrest
201213936,AO,Adult Other
200314014,IC,Invest Cont
202012944,IC,Invest Cont
201605765,IC,Invest Cont
201219612,IC,Invest Cont
201221286,IC,Invest Cont
201908006,IC,Invest Cont
202000501,AA,Adult Arrest
202015519,IC,Invest Cont
201210884,IC,Invest Cont
200117035,AO,Adult Other
202108549,AA,Adult Arrest
200314630,AA,Adult Arrest
200110412,AA,Adult Arrest
202113099,AA,Adult Arrest
200905136,IC,Invest Cont
200400541,AA,Adult Arrest
200320972,IC,Invest Cont
201512005,AO,Adult Other
201111284,IC,Invest Cont
201205238,AO,Adult Other
200505287,IC,Invest Cont
200714271,AA,Adult Arrest
202012737,AA,Adult Arrest
200507337,IC,Invest Cont
200117469,IC,Invest Cont
201201005,IC,Invest Cont
201808400,IC,Invest Cont
201813091,IC,Invest Cont
202016460,AA,Adult Arrest
201715353,AO,Adult Other
200206055,AA,Adult Arrest
201900814,AA,Adult Arrest
201217419,AA,Adult Arrest
200216221,IC,Invest Cont
201216496,AA,Adult Arrest
201317894,AA,Adult Arrest
200615668,AA,Adult Arrest
200611522,IC,Invest Cont
200414457,JA,Juv Arrest
200518321,AA,Adult Arrest
201421032,AO,Adult Other
200806587,IC,Invest Cont
200716897,IC,Invest Cont
210713273,AO,Adult Other
200400817,AA,Adult Arrest
201218289,AO,Adult Other
200115185,AO,Adult Other
200416069,AO,Adult Other
200713827,IC,Invest Cont
201709701,IC,Invest Cont
200506115,IC,Invest Cont
201805250,IC,Invest Cont
201215046,AA,Adult Arrest
200905585,IC,Invest Cont
200105645,AA,Adult Arrest
200517963,IC,Invest Cont
201813326,IC,Invest Cont
201804414,IC,Invest Cont
201815203,IC,Invest Cont
200512219,IC,Invest Cont
200110297,IC,Invest Cont
201900889,AA,Adult Arrest
201320983,IC,Invest Cont
201712456,IC,Invest Cont
201704781,IC,Invest Cont
200310707,IC,Invest Cont
201909096,IC,Invest Cont
201508079,IC,Invest Cont
200400504,IC,Invest Cont
201200789,IC,Invest Cont
200713833,IC,Invest Cont
200400661,AA,Adult Arrest
200109365,IC,Invest Cont
200510689,AA,Adult Arrest
200415886,IC,Invest Cont
201218202,IC,Invest Cont
201500553,IC,Invest Cont
201912178,IC,Invest Cont
200906094,AA,Adult Arrest
201210709,IC,Invest Cont
200406840,IC,Invest Cont
201005072,IC,Invest Cont
201012458,AO,Adult Other
201819837,AA,Adult Arrest
200312638,IC,Invest Cont
201413975,IC,Invest Cont
201108488,IC,Invest Cont
201200921,AA,Adult Arrest
201207357,AO,Adult Other
201221556,IC,Invest Cont
200115583,IC,Invest Cont
200917249,IC,Invest Cont
201809136,IC,Invest Cont
200317378,IC,Invest Cont
202011754,IC,Invest Cont
201911793,AO,Adult Other
201312716,IC,Invest Cont
202016829,IC,Invest Cont
201612077,IC,Invest Cont
201004389,AO,Adult Other
200113127,AA,Adult Arrest
201009603,IC,Invest Cont
200404583,IC,Invest Cont
200704143,AA,Adult Arrest
200408301,IC,Invest Cont
200607931,AO,Adult Other
201500618,AA,Adult Arrest
201512387,IC,Invest Cont
201819567,IC,Invest Cont
201221242,IC,Invest Cont
200915239,AO,Adult Other
200614025,AA,Adult Arrest
202011585,AA,Adult Arrest
201205787,IC,Invest Cont
200807061,IC,Invest Cont
201917353,AA,Adult Arrest
200211040,IC,Invest Cont
200704214,AO,Adult Other
201813006,IC,Invest Cont
201204430,IC,Invest Cont
201213433,IC,Invest Cont
201014040,IC,Invest Cont
201201023,IC,Invest Cont
202008283,AA,Adult Arrest
202017927,IC,Invest Cont
201313371,IC,Invest Cont
200218855,AA,Adult Arrest
200218916,AO,Adult Other
210904109,AO,Adult Other
201316900,AO,Adult Other
201608079,AO,Adult Other
201215365,IC,Invest Cont
200211618,IC,Invest Cont
201817541,IC,Invest Cont
200712403,IC,Invest Cont
201809325,IC,Invest Cont
202100607,AA,Adult Arrest
200314044,AO,Adult Other
201809282,AO,Adult Other
202014105,IC,Invest Cont
201417687,IC,Invest Cont
200115560,IC,Invest Cont
201204423,IC,Invest Cont
201813407,AO,Adult Other
201300740,AA,Adult Arrest
200218197,IC,Invest Cont
201716538,IC,Invest Cont
200907895,AO,Adult Other
200709156,IC,Invest Cont
200309861,AA,Adult Arrest
201812699,IC,Invest Cont
201223842,IC,Invest Cont
201109463,IC,Invest Cont
200213277,IC,Invest Cont
201907636,AO,Adult Other
200917962,IC,Invest Cont
201819254,AO,Adult Other
200513158,AA,Adult Arrest
200913850,AA,Adult Arrest
211310934,IC,Invest Cont
201501144,AA,Adult Arrest
200121796,AO,Adult Other
200618373,IC,Invest Cont
201913310,AO,Adult Other
200713831,IC,Invest Cont
200216800,AA,Adult Arrest
200612680,AO,Adult Other
200505818,IC,Invest Cont
201308146,IC,Invest Cont
201818720,IC,Invest Cont
200514010,AO,Adult Other
200505411,AA,Adult Arrest
201222268,IC,Invest Cont
201501012,IC,Invest Cont
202004714,AO,Adult Other
200110406,AO,Adult Other
201416497,AA,Adult Arrest
200414856,IC,Invest Cont
200605824,IC,Invest Cont
201320053,AO,Adult Other
200407019,IC,Invest Cont
200314683,IC,Invest Cont
200616533,AO,Adult Other
202010474,IC,Invest Cont
201214459,IC,Invest Cont
200710980,AA,Adult Arrest
200219004,IC,Invest Cont
201316546,IC,Invest Cont
201219421,AO,Adult Other
201208969,IC,Invest Cont
200804247,AA,Adult Arrest
201819056,AO,Adult Other
200709800,IC,Invest Cont
201912544,IC,Invest Cont
201820940,IC,Invest Cont
201407474,AO,Adult Other
200700757,AO,Adult Other
202100926,IC,Invest Cont
